0.0125,0.0182154411607399,-0.188386662771207,-0.0311376765604984
0.025,0.0232612825657655,-0.2405547548998,-0.0397585398914988
0.0375,0.0275493128915081,-0.284898265955525,-0.047085355301744
0.05,0.0307388859005819,-0.317903091966623,-0.0525373764502041
0.0625,0.0326934107197114,-0.338162842896793,-0.0558823276645843
0.075,0.0334883137172065,-0.346459327174879,-0.0572496676971503
0.0875,0.0333710306830953,-0.345347855541382,-0.0570619874614287
0.1,0.0326869704454907,-0.33839178245853,-0.055908421714993
0.1125,0.031793306389623,-0.329272449343902,-0.0543974840495736
0.125,0.0309835077576647,-0.32101123743973,-0.0530284672363379
0.1375,0.0304399350223232,-0.315482462863441,-0.0521109512984352
0.15,0.0302219769971158,-0.313293170439166,-0.0517449722383527
0.1625,0.0302863255868093,-0.313994518172502,-0.0518560638148408
0.175,0.0305277793619796,-0.316504136572155,-0.0522651608954281
0.1875,0.0308253766057429,-0.319582096463741,-0.0527673247358745
0.2,0.0310801731427205,-0.322219039157186,-0.0531959393233188
0.2125,0.03123623960681,-0.32385017308313,-0.0534580693221142
0.225,0.0312832948016548,-0.324379255978577,-0.0535383741774847
0.2375,0.0312452000353584,-0.324057218603656,-0.0534789557475365
0.25,0.0311618074000114,-0.323293184699044,-0.0533480306360704
0.2625,0.031071721248067,-0.322476361274489,-0.0532104073058004
0.275,0.0310011260727167,-0.321862382262961,-0.0531086505836633
0.2875,0.0309604060075366,-0.321541210551739,-0.053057744630932
0.3,0.0309471491919887,-0.321471376547077,-0.0530507463334372
0.3125,0.0309523086069543,-0.32154677774618,-0.0530698610911065
0.325,0.0309662303895852,-0.32166124780028,-0.0530971326880807
0.3375,0.0309823487876482,-0.321747936502436,-0.0531209858855924
0.35,0.0309947405361931,-0.321753662537074,-0.0531320081745058
0.3625,0.031009626504892,-0.321756465194501,-0.0531424305054638
0.375,0.0310253801533207,-0.321756061608677,-0.0531515459106603
0.3875,0.0310403933132515,-0.321752713059782,-0.0531588031427805
0.4,0.0310533414708665,-0.321747250071635,-0.0531639070581853
0.4125,0.0310633576612385,-0.321740980620505,-0.0531668627921606
0.425,0.0310701236883332,-0.321735455910523,-0.0531680105986313
0.4375,0.0310738491534847,-0.321732180745343,-0.0531679659631952
0.45,0.0310751338967187,-0.321732323941407,-0.0531675422752235
0.4625,0.0310747978640269,-0.321736472408715,-0.0531676221941824
0.475,0.031073693762919,-0.321744483844734,-0.0531690104792356
0.4875,0.0310725334443597,-0.321755476092856,-0.0531722760597366
0.5,0.0310717629046819,-0.321767946422829,-0.0531776274960089
0.5125,0.0310715144657656,-0.321780031487573,-0.0531848633281353
0.525,0.0310716335486351,-0.321789835276956,-0.0531933477381817
0.5375,0.0310717921996104,-0.321795696381736,-0.053202102616074
0.55,0.0310715767015768,-0.32179649502328,-0.0532099267861182
0.5625,0.0310706047659016,-0.321791800035183,-0.0532156063166291
0.575,0.0310686306859653,-0.321781930942232,-0.0532181291822933
0.5875,0.0310655551054809,-0.321767765596268,-0.0532168148956977
0.6,0.0310615200809909,-0.321750822684183,-0.0532113340570643
0.6125,0.0310568507357643,-0.321732881428489,-0.0532024018053918
0.625,0.0310520638728225,-0.321715948137658,-0.0531913099860499
0.6375,0.0310477947016169,-0.321701990140213,-0.0531799642857297
0.65,0.0310447208694683,-0.321692474253421,-0.053170486063624
0.6625,0.0310432514423406,-0.321687982635208,-0.0531647654642511
0.675,0.031043586622234,-0.321688191459535,-0.0531638058727175
0.6875,0.0310454947020408,-0.321691751183958,-0.0531671078881904
0.7,0.0310482801923097,-0.321696759343634,-0.0531725507911934
0.7125,0.0310510634956486,-0.321701317107474,-0.0531768766669771
0.725,0.0310528701884587,-0.321704017581795,-0.0531767866755858
0.7375,0.0310531418175797,-0.321704539678035,-0.0531702960845738
0.75,0.0310519391772868,-0.321703809190348,-0.0531579364075001
0.7625,0.0310499109830796,-0.321703825737898,-0.0531434391416617
0.775,0.0310481690567801,-0.321707029434175,-0.0531333632118041
0.7875,0.0310479402570922,-0.321715417934569,-0.0531352716272868
0.8,0.0310499106627323,-0.321729463585204,-0.0531548718411919
0.8125,0.0310538832937678,-0.321747426220434,-0.0531928659268701
0.825,0.0310584597609736,-0.321765267974808,-0.0532419699332168
0.8375,0.0310611338325293,-0.321776781099936,-0.0532854641934779
0.85,0.0310583928986984,-0.321774358831003,-0.0532978597533227
0.8625,0.0310463166941942,-0.321749840818355,-0.0532478862439046
0.875,0.0310208558969987,-0.321695460373296,-0.0531031492343893
0.8875,0.0309782948511015,-0.321604522710674,-0.0528355586994184
0.9,0.0309151044547496,-0.321471921329978,-0.0524259681192059
0.9125,0.0308278780850911,-0.321294390854755,-0.0518670891951531
0.925,0.0307132066914411,-0.321070855620081,-0.0511636734517643
0.9375,0.0305678604812425,-0.320802633807843,-0.0503301626119926
0.95,0.0303891655683345,-0.320493692652392,-0.0493864964894993
0.9625,0.0301756315843638,-0.320150662400231,-0.0483534867657726
0.975,0.029927990406013,-0.319782635838522,-0.0472489759434393
0.9875,0.0296498717895064,-0.319400208676875,-0.0460859051290074
1,0.0293480440310277,-0.319014334826203,-0.0448725940742273
1.0125,0.0290318101844301,-0.318634742721222,-0.0436148738695773
1.025,0.0287118003161557,-0.318268280694808,-0.0423191714314699
1.0375,0.0283981978927376,-0.317917908208017,-0.0409951948163187
1.05,0.0280990091092712,-0.317582517297382,-0.0396575403370826
1.0625,0.0278185926294889,-0.317257678872613,-0.0383252716721348
1.075,0.0275571894189645,-0.316937375830374,-0.0370197779325176
1.0875,0.0273114390634468,-0.31661590726484,-0.0357615432745233
1.1,0.0270758059111892,-0.31628986707947,-0.0345667609717314
1.1125,0.0268443363027936,-0.31595935359196,-0.0334446172149029
1.125,0.0266125646239836,-0.315628138415012,-0.0323961481909198
1.1375,0.0263787905373848,-0.315302775879591,-0.0314146941253144
1.15,0.0261442763496816,-0.314990839375087,-0.0304878136590947
1.1625,0.0259126468863967,-0.314699001023599,-0.029599954022775
1.175,0.0256885530649104,-0.314431194394151,-0.0287355515380143
1.1875,0.0254761250353778,-0.314187603082507,-0.0278813873546726
1.2,0.0252773894204501,-0.313964719203739,-0.027028096692482
1.2125,0.0250914703445688,-0.313756266879375,-0.0261706524497739
1.225,0.0249146677881648,-0.313554745455579,-0.0253079790577975
1.2375,0.024741165634189,-0.313353021308823,-0.0244416528942575
1.25,0.0245644088682832,-0.313145822373435,-0.0235746951186068
1.2625,0.0243785355886946,-0.31293038744319,-0.0227100999306262
1.275,0.0241796670691828,-0.312706667003514,-0.0218495591051836
1.2875,0.0239666678896926,-0.31247642984028,-0.0209935807650861
1.3,0.0237411843467715,-0.312242518623656,-0.0201412008687229
1.3125,0.0235071300055735,-0.312007930472013,-0.0192904198516105
1.325,0.0232696888609766,-0.311774890662942,-0.0184387720317869
1.3375,0.0230340729487839,-0.311544537241308,-0.0175841768750472
1.35,0.0228044451978375,-0.31131715880723,-0.0167254005797228
1.3625,0.0225831905456721,-0.311092330025899,-0.0158622882516048
1.375,0.022370241022866,-0.310869498780367,-0.0149954505606375
1.3875,0.0221634845136291,-0.310648406729156,-0.014125944494249
1.4,0.0219590362399873,-0.310429063745437,-0.0132549656425867
1.4125,0.0217522619765589,-0.310211786883431,-0.0123831922744037
1.425,0.0215389628365063,-0.309997060260087,-0.0115106861344525
1.4375,0.02131635090587,-0.309785276347253,-0.0106369492571171
1.45,0.0210838508729737,-0.309576629191205,-0.00976144488050567
1.4625,0.0208435568171303,-0.3093711531358,-0.00888392794238296
1.475,0.0206001204674978,-0.309168779479288,-0.0080048496474709
1.4875,0.0203601192016498,-0.308969574377437,-0.00712556315792611
1.5,0.0201306266830597,-0.308773945743827,-0.00624810591413756
1.5125,0.0199178147724736,-0.308582386282539,-0.00537478117504322
1.525,0.0197250832848682,-0.308395314185652,-0.00450726106372747
1.5375,0.0195521013144045,-0.308212739314639,-0.00364585387099045
1.55,0.0193939665793078,-0.308033761590863,-0.00278878651217586
1.5625,0.0192418717942572,-0.307856484016726,-0.00193154057283467
1.575,0.0190841777867328,-0.307678154742497,-0.00106686877302324
1.5875,0.0189086800733697,-0.307495667141741,-0.000185286337630456
1.6,0.0187047753447233,-0.307306200470875,0.000724024106952332
1.6125,0.0184657023466421,-0.307107924543439,0.00167180160538918
1.625,0.0181900737903053,-0.306900348449046,0.00266690966907904
1.6375,0.0178819603515199,-0.306684521724414,0.00371508977189245
1.65,0.0175500435664823,-0.306462609300232,0.0048175000515322
1.6625,0.0172057003488391,-0.30623721724343,0.00597032217517631
1.675,0.0168605639482187,-0.306010797450517,0.00716508859510646
1.6875,0.0165241012239484,-0.305785293802856,0.00838982142180903
1.7,0.0162020234080704,-0.305561927830584,0.00963065587447348
1.7125,0.0158957037860306,-0.305341503017333,0.010873782819714
1.725,0.0156029292394154,-0.305124921834135,0.0121068347581634
1.7375,0.0153193679607946,-0.304913583547617,0.013319695189405
1.75,0.0150405766054025,-0.304709692325114,0.0145044097480453
1.7625,0.014763862606718,-0.304515906860991,0.0156541866150558
1.775,0.0144895688489254,-0.304334843704875,0.0167618336751449
1.7875,0.0142211766047571,-0.304168421483054,0.0178183456508963
1.8,0.013964686960122,-0.30401724450571,0.0188118456028002
1.8125,0.0137281401768109,-0.303880901131699,0.0197273886415693
1.825,0.0135190088790014,-0.303757736621634,0.0205485427892476
1.8375,0.0133431546975202,-0.303645788879148,0.0212595481972901
1.85,0.0132036332722233,-0.303543452877351,0.0218480332886052
1.8625,0.0131002593696622,-0.30344998537956,0.0223078130585972
1.875,0.0130297186379805,-0.303365790399018,0.0226408609363253
1.8875,0.0129863312370093,-0.303292228676355,0.0228578862218114
1.9,0.0129633250814717,-0.303231133388006,0.0229772090742564
1.9125,0.0129542155480961,-0.303184181869922,0.0230225206711773
1.925,0.0129536756661441,-0.303152221629765,0.0230194935279382
1.9375,0.0129583491308535,-0.303135151802771,0.0229923520469521
1.95,0.0129667630719026,-0.303131841091472,0.0229609268797703
1.9625,0.0129787341480529,-0.303140091779452,0.0229388306675741
1.975,0.0129941479596205,-0.303156809261078,0.0229329314676016
1.9875,0.0130116558392708,-0.303178064052345,0.0229442636451707
2,0.0130272909390762,-0.303198847849491,0.0229699617572133
2.0125,0.0130342159792275,-0.303213102063566,0.0230053588846288
2.025,0.0130227009120355,-0.303213854131548,0.0230460998845436
2.0375,0.0129814890734912,-0.30319351418445,0.0230894222244445
2.05,0.0128994789425258,-0.303144864973496,0.0231347592491446
2.0625,0.0127680186519938,-0.303062252858548,0.0231835577643237
2.075,0.0125828007952692,-0.302942834912962,0.0232382673528852
2.0875,0.0123446857842789,-0.302787447892768,0.0233012850807687
2.1,0.0120607314948699,-0.302601289001044,0.0233746653421329
2.1125,0.011742662756133,-0.302393237084914,0.0234593677423768
2.125,0.0114052341897772,-0.302174804225709,0.0235553468232452
2.1375,0.0110636195901797,-0.301958372607934,0.0236619208882173
2.15,0.0107309382784117,-0.30175513653893,0.0237779164820274
2.1625,0.010416231156048,-0.301573344796741,0.023901762984894
2.175,0.0101231356773254,-0.301417024620013,0.0240315300554793
2.1875,0.00984983409548782,-0.301285857477315,0.0241647677978983
2.2,0.00958987145279273,-0.301175812191617,0.0242987851309172
2.2125,0.00933413161963969,-0.301080758871585,0.0244309782932124
2.225,0.00907279627228865,-0.300994117895959,0.0245593137465176
2.2375,0.00879771299638333,-0.300910725932369,0.024683075287602
2.25,0.0085035694895038,-0.300827704086252,0.0248028085882875
2.2625,0.00818858416270096,-0.300744753415755,0.0249198246921398
2.275,0.00785386826228133,-0.300663579771478,0.0250350822146846
2.2875,0.00750195471058001,-0.300586569138095,0.0251474848805338
2.3,0.00713500689976808,-0.300515113552959,0.025251908715243
2.3125,0.00675321412919599,-0.300448596033042,0.0253383942886988
2.325,0.00635390737312385,-0.300383613025155,0.0253921900563537
2.3375,0.00593195520036484,-0.300314438142172,0.0253954681857637
2.35,0.00548124455241676,-0.300234443756964,0.0253305941768539
2.3625,0.00499684862161598,-0.300137811008646,0.0251841318856683
2.375,0.00447744240979453,-0.300021577966496,0.0249502276930481
2.3875,0.00392707584672457,-0.299887187803192,0.0246330777696225
2.4,0.00335552435563451,-0.299740734160578,0.0242468227053946
2.4125,0.00277717186684877,-0.299592115234158,0.0238133289865579
2.425,0.0022085279524506,-0.299453119030222,0.0233579988251316
2.4375,0.00166511989242505,-0.299334884197948,0.022904745585006
2.45,0.00115835453419276,-0.299245380436599,0.0224713419301844
2.4625,0.00069351245485605,-0.299187609533385,0.0220665490737933
2.475,0.000268970115182179,-0.299158779465959,0.0216894096540215
2.4875,-0.000121821789273935,-0.299151644846278,0.0213308179073959
2.5,-0.000488887427341245,-0.299156114299815,0.0209775686946839
2.5125,-0.000842701377101499,-0.299161877483297,0.0206163263758757
2.525,-0.0011914797293428,-0.299161032936814,0.0202374177723671
2.5375,-0.00153972870243452,-0.299149723090601,0.0198370425999343
2.55,-0.00188778674159717,-0.299128695682788,0.0194173158933747
2.5625,-0.00223263782866117,-0.299102533112349,0.0189847016313131
2.575,-0.00256932682067112,-0.299077968987478,0.0185472834887903
2.5875,-0.00289228498570741,-0.299062184959379,0.018111803120689
2.6,-0.00319690535984552,-0.299060803345792,0.017681616773709
2.6125,-0.00348008080289023,-0.299076847460022,0.0172559525061745
2.625,-0.00374008080635653,-0.299110451075489,0.0168304547973844
2.6375,-0.00397621995648197,-0.2991596262023,0.0163989416683802
2.65,-0.00418852354504385,-0.299221160585881,0.0159553216244145
2.6625,-0.00437728379467559,-0.299291683141725,0.0154953133784614
2.675,-0.00454288290319835,-0.299368557651366,0.0150170105380317
2.6875,-0.00468574540857905,-0.299450117619031,0.0145204828139886
2.7,-0.00480647310638649,-0.299535448797763,0.0140066189277352
2.7125,-0.0049058377445899,-0.299623766536603,0.0134756981945969
2.725,-0.00498482107119368,-0.299713817148255,0.0129260932469691
2.7375,-0.0050444470607205,-0.299803551157054,0.012353990013066
2.75,-0.00508560664736062,-0.299890061122113,0.011753920996046
2.7625,-0.00510964704232208,-0.299969826517458,0.0111196979582816
2.775,-0.0051174734082114,-0.300039614714673,0.0104465422112817
2.7875,-0.00511029805936493,-0.300097032473482,0.00973234458027659
2.8,-0.00508973990091042,-0.300141333892869,0.00897833585318557
2.8125,-0.00505784421641526,-0.300173593393481,0.00818893116811012
2.825,-0.00501697565043613,-0.300196661195879,0.00737073739015221
2.8375,-0.00496990606844402,-0.300214553411973,0.00653075617675745
2.85,-0.00491952559209043,-0.300231468102862,0.00567440347125139
2.8625,-0.00486874517609093,-0.300250952424082,0.00480386564387842
2.875,-0.00482060164347484,-0.300274748987617,0.00391724736449011
2.8875,-0.00477803645639878,-0.300302219480254,0.0030084956866863
2.9,-0.00474435548862355,-0.300330179067372,0.00206865934181549
2.9125,-0.00472294433563857,-0.300353640446706,0.00108789354354713
2.925,-0.00471700350905728,-0.300366998517302,5.76922438410906e-05
2.9375,-0.00472952346925017,-0.300365471613197,-0.00102686495511296
2.95,-0.0047629559093239,-0.300347034838789,-0.0021656087953959
2.9625,-0.00481898592674418,-0.300313485702601,-0.00335286555485891
2.975,-0.00489854837152553,-0.300270809883347,-0.00457834347017179
2.9875,-0.00500216403721932,-0.300228531219976,-0.00582907435524259
3,-0.00513009449087509,-0.300197926915803,-0.00709220591523204
3.0125,-0.00528274682026065,-0.300189402783782,-0.00835766825917513
3.025,-0.00546064932638007,-0.300210138332346,-0.00962039678498357
3.0375,-0.00566451266718375,-0.300262181781658,-0.0108812001964274
3.05,-0.00589490829609551,-0.30034171063759,-0.0121464184609307
3.0625,-0.00615155791417666,-0.300440327707297,-0.0134258001380594
3.075,-0.00643284690974659,-0.300547090797108,-0.0147297775259166
3.0875,-0.00673572539032082,-0.300651666180642,-0.0160663117586022
3.1,-0.00705569354988258,-0.300747220436439,-0.0174385875998267
3.1125,-0.00738742118718611,-0.300832261407225,-0.0188437832555552
3.125,-0.00772549341123637,-0.300911128858447,-0.0202737418355193
3.1375,-0.0080654788504162,-0.300992435749069,-0.0217168428861504
3.15,-0.00840442647980786,-0.301086357476795,-0.0231611159899395
3.1625,-0.0087413133830899,-0.301201348002602,-0.0245970225022062
3.175,-0.00907684803745134,-0.301341291776088,-0.0260195409717221
3.1875,-0.00941287323793865,-0.301504000239403,-0.0274290947716061
3.2,-0.00975140951493647,-0.301681627022986,-0.0288306217159259
3.2125,-0.0100937326205818,-0.301862445208827,-0.0302312843240117
3.225,-0.0104396821794249,-0.302033592103471,-0.0316379539576248
3.2375,-0.0107875432237543,-0.302184139158066,-0.0330546039991526
3.25,-0.0111341798890571,-0.302307327146626,-0.034481072707011
3.2625,-0.0114756665553446,-0.302401455985537,-0.0359129757157559
3.275,-0.0118080666213281,-0.302469519036428,-0.0373433465967713
3.2875,-0.0121285349577812,-0.30251741576122,-0.038764763489801
3.3,-0.0124354605484321,-0.302551869133475,-0.040171909212884
3.3125,-0.0127288961376544,-0.302578930057664,-0.0415629521853302
3.325,-0.0130102598013547,-0.302602765773039,-0.0429399342925332
3.3375,-0.0132818454351224,-0.302625542348815,-0.0443075639710378
3.35,-0.0135459963405979,-0.302648193935572,-0.0456711354496313
3.3625,-0.0138045171887471,-0.302671465284936,-0.0470341927563545
3.375,-0.0140582614745878,-0.302696730512131,-0.0483966639720147
3.3875,-0.0143070512062963,-0.302726453725566,-0.0497542858740525
3.4,-0.0145499635606338,-0.302763654460189,-0.0510994263530698
3.4125,-0.014785814003747,-0.302811364781804,-0.0524231082802354
3.425,-0.0150137695075221,-0.302871777153923,-0.0537177219699068
3.4375,-0.0152339086237647,-0.30294569339204,-0.0549792864211057
3.45,-0.0154471544259721,-0.303032685986357,-0.0562088301645238
3.4625,-0.0156550437279741,-0.303131502192703,-0.0574120042731948
3.475,-0.0158593399645709,-0.303241453828425,-0.0585975659053577
3.4875,-0.0160613803301698,-0.303363238918673,-0.059774860914801
3.5,-0.0162615235211581,-0.303499607580343,-0.0609512659715136
3.5125,-0.0164589533836399,-0.303654953414165,-0.0621300419377574
3.525,-0.0166518753345215,-0.303834434175542,-0.063309778033669
3.5375,-0.0168380087881295,-0.304042422729403,-0.0644853296947062
3.55,-0.0170154583892698,-0.304281037089353,-0.0656495837066283
3.5625,-0.0171831581117569,-0.304548826781278,-0.06679588778521
3.575,-0.0173416908499134,-0.304840589499565,-0.0679200982656505
3.5875,-0.0174932723192545,-0.305148084283396,-0.0690215397422299
3.6,-0.0176412243945,-0.305461798205211,-0.0701029522828756
3.6125,-0.0177891984730788,-0.305772859185963,-0.0711691054213494
3.625,-0.0179403995955042,-0.306074923378307,-0.0722251033547378
3.6375,-0.0180968121606994,-0.306365332444052,-0.0732746653272896
3.65,-0.0182586395778591,-0.306645302737404,-0.0743191565048367
3.6625,-0.018424551378077,-0.306918713223217,-0.0753574714399047
3.675,-0.0185921761641427,-0.307190368512179,-0.0763871474939371
3.6875,-0.0187589565017763,-0.307463742392854,-0.0774058080785674
3.7,-0.0189230714938714,-0.307738945811319,-0.0784125098983925
3.7125,-0.0190841557349049,-0.308012032754932,-0.0794087281006311
3.725,-0.0192437345084178,-0.308275032297003,-0.0803982180783418
3.7375,-0.0194049185307778,-0.30851732913652,-0.0813860629440157
3.75,-0.0195718383484759,-0.308727675348383,-0.0823772858786178
3.7625,-0.019748876989493,-0.308896608751578,-0.083375369813765
3.775,-0.019939670087912,-0.309018385210867,-0.0843814968013206
3.7875,-0.0201466032136548,-0.309092071129335,-0.0853943278272004
3.8,-0.0203704000744005,-0.309121408960106,-0.0864107561184921
3.8125,-0.0206104488085663,-0.309113702677716,-0.0874273737773838
3.825,-0.0208652031379088,-0.309078052488881,-0.0884421061334394
3.8375,-0.0211330949554722,-0.309023295086068,-0.089455145248821
3.85,-0.021412884732023,-0.308956253634112,-0.090469309846362
3.8625,-0.0217040796636,-0.308880871091469,-0.0914894541820636
3.875,-0.0220068255856361,-0.308798347561952,-0.0925210292390649
3.8875,-0.0223214478987155,-0.308708226499176,-0.0935684656615654
3.9,-0.0226476813080127,-0.30860955491517,-0.0946337629095391
3.9125,-0.0229842357980808,-0.308502525330271,-0.0957154456722092
3.925,-0.0233283272182762,-0.308389795185872,-0.0968091279238262
3.9375,-0.0236760143881546,-0.308276373034451,-0.0979081194657819
3.95,-0.0240223999108454,-0.3081695603473,-0.0990054689781008
3.9625,-0.024362842027759,-0.308077675740288,-0.100095534370653
3.975,-0.024693544534154,-0.308008479915658,-0.101175691875021
3.9875,-0.0250124089312703,-0.307968046649575,-0.102247005521672
4,-0.0253190696478209,-0.307959710804912,-0.103314077915078
4.0125,-0.0256148291347291,-0.307984100227346,-0.104383825893515
4.025,-0.0259017640104975,-0.308039870396975,-0.105463753189894
4.0375,-0.0261821173340665,-0.308124965787078,-0.106560001080046
4.05,-0.0264574978249363,-0.308237781826883,-0.107675765156145
4.0625,-0.0267282829458237,-0.308378374060303,-0.108810514394657
4.075,-0.0269935615220831,-0.308548449412675,-0.109960103483819
4.0875,-0.0272513395469789,-0.308750633099524,-0.111117755217636
4.1,-0.0274989768237453,-0.308987323936411,-0.112275654236109
4.1125,-0.0277337803555277,-0.309259230282456,-0.113426980668278
4.125,-0.0279534089244068,-0.309564300795957,-0.114567113039381
4.1375,-0.0281563093905647,-0.309897017069629,-0.115694367347341
4.15,-0.0283421386104949,-0.31024940305175,-0.116809969973778
4.1625,-0.0285117296821708,-0.310612649081631,-0.117917312374629
4.175,-0.0286674957488292,-0.310979198832591,-0.11902092875403
4.1875,-0.0288133580426309,-0.311344437139145,-0.120125471159252
4.2,-0.0289547275724478,-0.311707819525501,-0.121234645516054
4.2125,-0.0290981598198425,-0.312072523417252,-0.122351381928532
4.225,-0.0292511860668661,-0.312444123161903,-0.123477689882581
4.2375,-0.0294213240247467,-0.312827870083011,-0.124614758684146
4.25,-0.0296156218831276,-0.313226120241417,-0.125763212403375
4.2625,-0.0298396462818586,-0.313636563781229,-0.126923106726722
4.275,-0.0300972664611305,-0.314051565266104,-0.128093769206438
4.2875,-0.0303903327658436,-0.314459353879619,-0.129273866520172
4.3,-0.0307191218842848,-0.31484603978619,-0.130461619189968
4.3125,-0.0310830333515253,-0.315198696752999,-0.131655515778171
4.325,-0.031481416086054,-0.315508416144838,-0.132855180870779
4.3375,-0.031914460082,-0.315771610247563,-0.134062224518257
4.35,-0.0323836771206961,-0.315990370267672,-0.135280757447334
4.3625,-0.0328918168003375,-0.31617109557232,-0.136517333980438
4.375,-0.0334425929385409,-0.316322064464868,-0.137779675621146
4.3875,-0.0340397500444255,-0.316450785327218,-0.139075097437547
4.4,-0.0346866333696985,-0.316562348650855,-0.140408017370991
4.4125,-0.0353844495484517,-0.316658582662197,-0.141778955813729
4.425,-0.0361323287029434,-0.316738713253898,-0.143183648524828
4.4375,-0.0369269256463642,-0.316801093904052,-0.144613937596393
4.45,-0.0377625794879049,-0.316844959111013,-0.146059280747832
4.4625,-0.0386319163714342,-0.316872615142408,-0.147509454033853
4.475,-0.0395269617166362,-0.316889257489529,-0.148956274155318
4.4875,-0.0404403385225128,-0.316902482087547,-0.150395234536234
4.5,-0.0413663062491871,-0.3169206830366,-0.151825569099397
4.5125,-0.0423017445734289,-0.316951063314666,-0.153249052811103
4.525,-0.0432463903281088,-0.316997937995894,-0.154668000286168
4.5375,-0.0442021908491093,-0.317061949135779,-0.156082787672124
4.55,-0.0451725037660659,-0.317140838102793,-0.157490791457652
4.5625,-0.0461604612419027,-0.317231021621222,-0.158886304665526
4.575,-0.0471675976333725,-0.317329643545261,-0.160261018128452
4.5875,-0.0481924607554398,-0.317436358201225,-0.161605484529939
4.6,-0.0492301432684769,-0.317554369860853,-0.162911815225003
4.6125,-0.0502726438357743,-0.317690176194813,-0.164175188383152
4.625,-0.0513101095322976,-0.317852400245599,-0.165394615712534
4.6375,-0.0523322686602863,-0.31804971006903,-0.16657237944992
4.65,-0.0533304968556467,-0.318288758637053,-0.167712953941783
4.6625,-0.0542989490072394,-0.318572723273346,-0.168820915056635
4.675,-0.0552350331005924,-0.318900491314666,-0.169899446361434
4.6875,-0.0561395663271316,-0.319267257300199,-0.170948574282361
4.7,-0.0570154249690511,-0.319665873539199,-0.171965088003477
4.7125,-0.0578664382599549,-0.320088648793753,-0.172942874630274
4.725,-0.058696154948655,-0.320528971397172,-0.173874351737608
4.7375,-0.0595067323180197,-0.320982518962614,-0.174752049383131
4.75,-0.0602985061405986,-0.32144808238162,-0.175570801554732
4.7625,-0.0610704759774318,-0.321926687161322,-0.176328917560284
4.775,-0.0618199519674357,-0.322420838539131,-0.177028487038315
4.7875,-0.0625448694592315,-0.322933493977016,-0.177676257522578
4.8,-0.0632433169998358,-0.323466718443195,-0.178281914673819
4.8125,-0.0639142639023507,-0.324020567774694,-0.178856626463385
4.825,-0.0645574389293831,-0.324592476736203,-0.179410625728264
4.8375,-0.0651729385908934,-0.325177303173227,-0.17995125567238
4.85,-0.0657609389700039,-0.325767426859256,-0.180481268565485
4.8625,-0.0663214495435773,-0.326353488103433,-0.180998771424826
4.875,-0.0668548243904064,-0.326925639430118,-0.181498109934433
4.8875,-0.0673621470146964,-0.327474722728376,-0.181972244050934
4.9,-0.067846406056153,-0.327993506290463,-0.18241571738099
4.9125,-0.068312912608409,-0.328477558725099,-0.182827395242047
4.925,-0.0687694740691014,-0.328925622254236,-0.183212050571714
4.9375,-0.0692253358075268,-0.329339569244508,-0.183580328277782
4.95,-0.0696894492600499,-0.329723367121729,-0.183946380240062
4.9625,-0.0701678565206347,-0.330081922253066,-0.184324273699459
4.975,-0.0706611871027071,-0.330419516212587,-0.184723543595304
4.9875,-0.0711628990567857,-0.330738525682554,-0.185145496438053
5,-0.071658981084716,-0.331038973751284,-0.185581549302138
5.0125,-0.072129892380739,-0.331318320818623,-0.186014114036824
5.025,-0.0725541200935818,-0.331572340252815,-0.186420142194276
5.0375,-0.0729130988788814,-0.331796288807987,-0.186776465266008
5.05,-0.073196341415188,-0.331986328913039,-0.187065325008598
5.0625,-0.0734049498873062,-0.332140455124835,-0.187279119036795
5.075,-0.0735535547122693,-0.332259169866962,-0.187421967242997
5.0875,-0.0736679429118203,-0.332345429782157,-0.187509290861081
5.1,-0.0737810041558732,-0.33240395703117,-0.187564042704366
5.1125,-0.0739265484615636,-0.332440499689803,-0.187611671408204
5.125,-0.0741325856761095,-0.332460780897898,-0.187674293127229
5.1375,-0.0744159929955757,-0.332470544237914,-0.187766776411843
5.15,-0.0747798219822173,-0.332475054921619,-0.187894332796922
5.1625,-0.0752137805853916,-0.332479313257463,-0.188052944993719
5.175,-0.0756975442623988,-0.332488298904226,-0.188231627722843
5.1875,-0.0762058582973661,-0.332507129322131,-0.188415745584077
5.2,-0.0767144670283432,-0.332540794315478,-0.188590530742399
5.2125,-0.0772043876307528,-0.332593338046934,-0.188743193267926
5.225,-0.0776647927579866,-0.332667389155147,-0.188864456555443
5.2375,-0.0780929767845032,-0.332763331388851,-0.188948788076815
5.25,-0.0784928515266722,-0.332878980197919,-0.188993213732189
5.2625,-0.0788715720519563,-0.333009763810993,-0.188995929619395
5.275,-0.0792363780455315,-0.333149351781527,-0.188955794750627
5.2875,-0.079591880002244,-0.333291008466484,-0.188872285941637
5.3,-0.0799390945921056,-0.333428998589024,-0.188745497170527
5.3125,-0.0802752129620221,-0.333559514281049,-0.188576542446943
5.325,-0.0805949294418693,-0.333681446899864,-0.188368227385007
5.3375,-0.0808918702467692,-0.333796533839973,-0.188125025288691
5.35,-0.0811599909155079,-0.333908591061196,-0.187853009284849
5.3625,-0.0813946895719272,-0.334022514341577,-0.187558842696807
5.375,-0.0815930375623859,-0.334143074851906,-0.187249166322534
5.3875,-0.0817536968697948,-0.334273755201689,-0.186929746639656
5.4,-0.0818764137299522,-0.334416082408745,-0.186605282861122
5.4125,-0.0819616005590237,-0.334569168158779,-0.186279242381262
5.425,-0.0820097600409816,-0.334730419802638,-0.185954516428338
5.4375,-0.0820219219067888,-0.334895902595193,-0.185633778445822
5.45,-0.081998432035873,-0.335061352541755,-0.185319446690373
5.4625,-0.0819404355426295,-0.335223243834682,-0.185014605362602
5.475,-0.0818491112537863,-0.33537942008682,-0.18472260307938
5.4875,-0.0817258370458041,-0.335529550495107,-0.184447093051214
5.5,-0.0815720904093473,-0.335675039450258,-0.184191686174585
5.5125,-0.0813895648337605,-0.335818809898258,-0.183959835631166
5.525,-0.0811804052034198,-0.335964704099267,-0.183754522646752
5.5375,-0.0809471508673985,-0.336116709037074,-0.183578074735824
5.55,-0.0806930581235572,-0.336278413290229,-0.183432037339767
5.5625,-0.0804220961079536,-0.336452308549822,-0.183316849582154
5.575,-0.0801390385820885,-0.336639428468525,-0.18323164031073
5.5875,-0.0798494173832159,-0.336839241110303,-0.183174288976398
5.6,-0.0795594972698032,-0.337049904777795,-0.183141629980806
5.6125,-0.0792760495564569,-0.337268703279055,-0.183130004045677
5.625,-0.07900619831467,-0.337492603316682,-0.183135833199878
5.6375,-0.0787570826711917,-0.337718801151836,-0.183156350074638
5.65,-0.0785355095473767,-0.337945201617082,-0.183190181089486
5.6625,-0.0783475775654754,-0.33817067556291,-0.183237558408235
5.675,-0.0781983012427817,-0.338395115383321,-0.183300324507643
5.6875,-0.07809136905693,-0.338619220111867,-0.183381416214823
5.7,-0.0780289873034896,-0.33884410954096,-0.183484138152886
5.7125,-0.0780118926999802,-0.339070972073082,-0.183611179471274
5.725,-0.0780394967759193,-0.339300543158205,-0.183763742895645
5.7375,-0.0781101768381859,-0.339532782033417,-0.183940798461817
5.75,-0.0782216685592467,-0.339766704611647,-0.184138762163704
5.7625,-0.078371463690336,-0.340000436572313,-0.184351551724522
5.775,-0.078557150646485,-0.340231387667611,-0.184571052921165
5.7875,-0.0787766775298769,-0.340456539420729,-0.184787880938285
5.8,-0.0790283935069873,-0.340672755223612,-0.184992270447165
5.8125,-0.0793109289343569,-0.340877051781186,-0.185175059510252
5.825,-0.0796229233069052,-0.34106684903077,-0.185328480859091
5.8375,-0.0799626277974494,-0.341240003740023,-0.185446807543514
5.85,-0.0803275708144137,-0.34139483588849,-0.185526681016269
5.8625,-0.080714261771594,-0.341530098345073,-0.185567114139332
5.875,-0.0811179730231211,-0.341644882114203,-0.185569151949627
5.8875,-0.0815328163051135,-0.341738501989858,-0.185535328588334
5.9,-0.0819519421457871,-0.341810458744711,-0.185468912093788
5.9125,-0.082367866070962,-0.341860375346913,-0.185373149782645
5.925,-0.0827729220368932,-0.341887998268916,-0.185250668468899
5.9375,-0.0831597233341138,-0.341893203621791,-0.185103106786578
5.95,-0.0835215831840789,-0.341876009168512,-0.184931034123995
5.9625,-0.0838528237369446,-0.341836608204926,-0.184734257897634
5.975,-0.0841489629422145,-0.341775411938994,-0.184512262202781
5.9875,-0.0844067334128454,-0.341693009868565,-0.184264752468519
6,-0.0846240852635103,-0.341590202490359,-0.183992170543072
6.0125,-0.0848000641971756,-0.341468119264757,-0.183696023105007
6.025,-0.0849346595616426,-0.341328287567007,-0.183378991025579
6.0375,-0.0850287103080706,-0.341172728762552,-0.183044793544412
6.05,-0.0850837993287058,-0.341004058584164,-0.182697971549831
6.0625,-0.0851022226497018,-0.340825554270254,-0.182343609698322
6.075,-0.0850868957466959,-0.340641069427849,-0.181987213594474
6.0875,-0.0850413111729114,-0.340454747359669,-0.181634458439929
6.1,-0.0849694409731821,-0.340270700903974,-0.181291222623009
6.1125,-0.0848756776826679,-0.34009252998092,-0.180963499954245
6.125,-0.0847646876766698,-0.339922859360118,-0.180657293088218
6.1375,-0.084641253390859,-0.339762907814633,-0.18037829664668
6.15,-0.0845101441858628,-0.339612225769407,-0.180131425426088
6.1625,-0.0843760319357087,-0.339468772751449,-0.179920333858808
6.175,-0.0842433635467333,-0.33932926863033,-0.179746955708092
6.1875,-0.0841162883376769,-0.339189774651018,-0.179611194156347
6.2,-0.0839986384773382,-0.339046502842248,-0.179510835631895
6.2125,-0.0838939519211186,-0.338896668556194,-0.179441977413597
6.225,-0.0838054981406442,-0.338739086709613,-0.179399535496083
6.2375,-0.0837362193319234,-0.338574439145589,-0.179378081534795
6.25,-0.0836888921262485,-0.338405385879312,-0.179372562937372
6.2625,-0.0836662029034787,-0.338235953669514,-0.179379159464391
6.275,-0.0836705090626458,-0.338070684202134,-0.179395730879551
6.2875,-0.0837037679853606,-0.337913790240214,-0.179421966373885
6.3,-0.0837672155400014,-0.33776806333257,-0.179459359332427
6.3125,-0.0838610734034123,-0.337634201530979,-0.179510700938228
6.325,-0.0839842506294826,-0.33751057372198,-0.179579529564035
6.3375,-0.0841341715407562,-0.337393570332107,-0.179669140101759
6.35,-0.0843069232400361,-0.337278327633671,-0.179781876488123
6.3625,-0.0844975313545135,-0.33715971053372,-0.179918411251301
6.375,-0.0847006587383754,-0.33703348640746,-0.180077121626
6.3875,-0.0849110966845464,-0.336897239508263,-0.180253926744466
6.4,-0.085124445895417,-0.336750569857274,-0.180442751303593
6.4125,-0.0853374799555679,-0.336594885680723,-0.180636292604399
6.425,-0.0855478950123521,-0.336432526378191,-0.180826974261331
6.4375,-0.0857536634118308,-0.33626566360945,-0.181008308041282
6.45,-0.0859521221393417,-0.336095105363255,-0.181175988176499
6.4625,-0.0861387925348023,-0.335919583456273,-0.181328772988649
6.475,-0.0863066146516387,-0.335735601834242,-0.181468559159701
6.4875,-0.0864455679806117,-0.335538082097653,-0.181600063814466
6.5,-0.0865425895244634,-0.3353214145265,-0.181729909462077
6.5125,-0.0865842734120616,-0.335081742456269,-0.181865261142436
6.525,-0.0865577416028116,-0.334817866240829,-0.18201243679482
6.5375,-0.0864525968955638,-0.33453185410405,-0.182175420029434
6.55,-0.0862621256821551,-0.334229283328213,-0.182355896686463
6.5625,-0.0859836966491647,-0.333917994025614,-0.182553374573802
6.575,-0.0856178602942166,-0.33360648159386,-0.182765523634286
6.5875,-0.0851673552428483,-0.333302122382442,-0.18298947157274
6.6,-0.0846357244421886,-0.333009210719554,-0.183222935088811
6.6125,-0.0840269061279213,-0.33272880084127,-0.183464913829072
6.625,-0.0833452201396134,-0.332458868719062,-0.183716168076268
6.6375,-0.0825960263703358,-0.332195464007782,-0.183978513540707
6.65,-0.0817864955362621,-0.331934624661824,-0.184254493239079
6.6625,-0.0809261076708104,-0.331673854842839,-0.184546968816353
6.675,-0.0800256056626403,-0.331413024534766,-0.18485848944159
6.6875,-0.0790945589754547,-0.331154167185513,-0.185191079333804
6.7,-0.0781385039158381,-0.330900162633544,-0.18554618294491
6.7125,-0.0771554605192306,-0.330652651930353,-0.185925088288683
6.725,-0.0761343671360209,-0.330410347819413,-0.18632866503706
6.7375,-0.0750557361456489,-0.330167683764304,-0.186757025002599
6.75,-0.0738954233171586,-0.329914860851577,-0.18720873906168
6.7625,-0.0726307110094583,-0.329639499012949,-0.187679832071629
6.775,-0.0712476398278979,-0.329329414303414,-0.18816288575962
6.7875,-0.069747504573393,-0.328975952252705,-0.188646401486316
6.8,-0.0681503341653061,-0.328576564851413,-0.189115490025298
6.8125,-0.0664941270957167,-0.32813664345155,-0.189552759076673
6.825,-0.0648295487083863,-0.327668878943993,-0.189940447527172
6.8375,-0.0632113732011648,-0.327191133311265,-0.190262587799149
6.85,-0.0616884573482859,-0.326722671558082,-0.190507042880652
6.8625,-0.0602943757006634,-0.326279893308952,-0.190666799773041
6.875,-0.0590421438526967,-0.325872733759697,-0.190739878719593
6.8875,-0.0579232260829241,-0.325502353754804,-0.190728202867263
6.9,-0.0569114564743056,-0.325160875351647,-0.190635745067261
6.9125,-0.0559705340090281,-0.324833371392682,-0.190466086118722
6.925,-0.0550629290863575,-0.324501680382852,-0.19022028889202
6.9375,-0.0541581784287495,-0.324148302686273,-0.189895824046576
6.95,-0.0532378474228256,-0.323760114373892,-0.189486739312327
6.9625,-0.0522972549019874,-0.323331258206189,-0.188984668685638
6.975,-0.051343128681704,-0.322863508774575,-0.188380932752667
6.9875,-0.050389182625746,-0.322364895031727,-0.187668476516677
7,-0.0494506459508073,-0.321847105804795,-0.186844162769459
7.0125,-0.0485391792089142,-0.321322032623359,-0.185909112071764
7.025,-0.0476603556284737,-0.320798382096688,-0.184868171765093
7.0375,-0.0468128366024529,-0.320279700759266,-0.183728801119404
7.05,-0.0459901407539036,-0.319763445200505,-0.182498649442932
7.0625,-0.0451832073124076,-0.319242550952696,-0.181184065793345
7.075,-0.0443834973971046,-0.318707515390473,-0.179788513753488
7.0875,-0.0435853536497343,-0.318149651542109,-0.178312618070876
7.1,-0.0427868963803471,-0.317563697734188,-0.176754871755373
7.1125,-0.0419896543251028,-0.316950255815577,-0.175113642020411
7.125,-0.0411973275388589,-0.316316322536718,-0.173389332206111
7.1375,-0.0404140464875956,-0.315674286068163,-0.171586181144109
7.15,-0.0396428940909245,-0.315039931293905,-0.169713150013248
7.1625,-0.0388850302053594,-0.314429899513475,-0.167783584734148
7.175,-0.0381389413067046,-0.313858310351387,-0.165813699595261
7.1875,-0.0374021806410179,-0.313335401078013,-0.163820070695472
7.2,-0.0366720313235397,-0.312866027320682,-0.161817120400646
7.2125,-0.0359464066027904,-0.312449422572709,-0.159814436312584
7.225,-0.0352246942813396,-0.312080589374138,-0.157816030233389
7.2375,-0.0345085179429167,-0.311752115017491,-0.155820627427949
7.25,-0.0338008931920166,-0.311455773310346,-0.153822452756613
7.2625,-0.033106000956413,-0.311184595120328,-0.151813435244635
7.275,-0.032427875369339,-0.310933470945144,-0.149785846322698
7.2875,-0.0317697818278089,-0.310700239855418,-0.14773422432969
7.3,-0.0311335243741024,-0.310485786692811,-0.145657126666968
7.3125,-0.0305192392778495,-0.310293521187995,-0.143556958627773
7.325,-0.0299254553946458,-0.310129029046061,-0.141439575313313
7.3375,-0.0293499935648094,-0.309999150769706,-0.139313189590922
7.35,-0.0287904314989532,-0.309910679436748,-0.137186469491759
7.3625,-0.0282445204705881,-0.309869380685695,-0.135067122651243
7.375,-0.0277106875619936,-0.309878515677518,-0.1329603212772
7.3875,-0.0271881869871231,-0.309937535976596,-0.13086838897163
7.4,-0.0266768058772281,-0.310041404856409,-0.128790850385119
7.4125,-0.0261767152485178,-0.310180848548327,-0.12672502167705
7.425,-0.0256883000033552,-0.310343323521343,-0.124666755676768
7.4375,-0.0252118195232526,-0.31051469323666,-0.122611514646439
7.45,-0.024746955479828,-0.310681624851244,-0.120555644015994
7.4625,-0.0242927285242415,-0.310834016057852,-0.118496753352531
7.475,-0.0238472119317257,-0.310966275043521,-0.116434475444303
7.4875,-0.0234078210547748,-0.311077814451963,-0.114369982426624
7.5,-0.0229711298990888,-0.311172152098933,-0.112305778324333
7.5125,-0.0225336139573439,-0.311255058203225,-0.11024476268478
7.525,-0.0220924207265664,-0.311332186867867,-0.108189180741923
7.5375,-0.0216455043016502,-0.311406602696533,-0.10614014682179
7.55,-0.0211923678083797,-0.311477686968867,-0.104097088379079
7.5625,-0.020734188460363,-0.311540956788044,-0.102057613878857
7.575,-0.0202734293662228,-0.311589002389604,-0.100017995950832
7.5875,-0.0198134047553888,-0.311613224181223,-0.0979738709045902
7.6,-0.0193573180832496,-0.311606178813581,-0.0959210742462157
7.6125,-0.0189075556138877,-0.311562993306618,-0.0938562856962372
7.625,-0.0184650972183325,-0.311481895221305,-0.0917774740954575
7.6375,-0.0180295276560222,-0.311364261401104,-0.0896838246608726
7.65,-0.0175989852336055,-0.31121369041587,-0.0875754969982422
7.6625,-0.0171708981274958,-0.31103453030452,-0.0854525790316495
7.675,-0.0167426202243605,-0.310830734284369,-0.0833148505152172
7.6875,-0.0163117598909975,-0.3106052217514,-0.0811609431249329
7.7,-0.0158767316319586,-0.310359615175761,-0.0789877152810324
7.7125,-0.0154365310484733,-0.310095060711327,-0.0767906078604528
7.725,-0.0149908294175501,-0.309812542135759,-0.0745637336032109
7.7375,-0.0145397396935907,-0.309513942618467,-0.0723011979085599
7.75,-0.0140837049131771,-0.30920214829745,-0.0699975105467195
7.7625,-0.0136235798290714,-0.308880962805216,-0.0676485655326397
7.775,-0.0131606284552455,-0.308554430588467,-0.0652519220060349
7.7875,-0.0126965777931922,-0.308226475112132,-0.062807037987799
7.8,-0.0122334474169173,-0.307900450895888,-0.0603150548169234
7.8125,-0.0117734358153584,-0.307578638520602,-0.0577780867643824
7.825,-0.0113183720675677,-0.307262592408105,-0.0551986106992185
7.8375,-0.0108690653685132,-0.306953549077699,-0.052578892115192
7.85,-0.0104252399938378,-0.306653042456187,-0.049920686720505
7.8625,-0.00998526874626514,-0.306363610007744,-0.0472252065607061
7.875,-0.00954684614348617,-0.306088585591829,-0.0444937345339374
7.8875,-0.00910772205470185,-0.305832103186496,-0.0417282789019828
7.9,-0.00866634946691796,-0.305598363640393,-0.0389323625265841
7.9125,-0.0082230210069352,-0.305391004534843,-0.036111563925373
7.925,-0.00777981605465867,-0.305212028496118,-0.0332735155978955
7.9375,-0.00734060546910349,-0.305061405199879,-0.0304274672002445
7.95,-0.00691031349309457,-0.304937048954635,-0.0275835266640122
7.9625,-0.00649366787079984,-0.304835396665863,-0.0247516959710731
7.975,-0.00609441579349082,-0.304752109419147,-0.021941302063779
7.9875,-0.00571448736003444,-0.304683070670483,-0.0191604195787057
8,-0.00535394311470639,-0.304625072330348,-0.0164160336698789
8.0125,-0.00501153485227166,-0.304576348670158,-0.0137144951521895
8.025,-0.00468540253585667,-0.304536268187993,-0.0110619357853529
8.0375,-0.00437439432863903,-0.304504816890098,-0.0084651155022134
8.05,-0.00407844033090146,-0.304481880162788,-0.00593142600387844
8.0625,-0.00379919120377713,-0.304466521580187,-0.00346861199631532
8.075,-0.00353950109829618,-0.304456064911293,-0.00108437110776128
8.0875,-0.00330243628487987,-0.304446461221077,0.00121430016858719
8.1,-0.00309032457159484,-0.304432858162644,0.00342187238253262
8.1125,-0.00290385636452754,-0.304410380498727,0.00553470178597536
8.125,-0.00274144242249771,-0.304374909744523,0.00755067708690071
8.1375,-0.00259956482872693,-0.304323734783194,0.00946874543175768
8.15,-0.00247344986119363,-0.304256039297293,0.0112882683663168
8.1625,-0.00235834612843628,-0.304172429198199,0.0130087195285206
8.175,-0.00225094042810441,-0.304074238386345,0.0146294319659719
8.1875,-0.00215006846863191,-0.303963010523329,0.0161499493596396
8.2,-0.00205719780806325,-0.303840086825769,0.0175709573247543
8.2125,-0.00197594716537517,-0.303706227044088,0.0188950858945184
8.225,-0.00191100255172193,-0.303562013339175,0.0201274261228047
8.2375,-0.00186678975740327,-0.303408295465707,0.0212756220493313
8.25,-0.00184604671674772,-0.303246811082315,0.0223494559453982
8.2625,-0.00184908592893567,-0.303080198984621,0.0233595982405558
8.275,-0.00187347673482393,-0.302912093681143,0.0243160812332451
8.2875,-0.0019146459734429,-0.302746585119326,0.0252268997879594
8.3,-0.00196680545522897,-0.302587513610844,0.0260971096710083
8.3125,-0.00202429409046898,-0.302437654036829,0.026928654640784
8.325,-0.00208228175501103,-0.302298464373151,0.0277209252034533
8.3375,-0.00213775657762681,-0.302170015651041,0.0284718030084513
8.35,-0.00218916390333045,-0.302051468650176,0.0291795241278556
8.3625,-0.00223627705686455,-0.301941718774308,0.0298438278033084
8.375,-0.00227961606944893,-0.301840235294574,0.0304668759342158
8.3875,-0.00231982504621402,-0.301747554503351,0.031053306362594
8.4,-0.00235724445882078,-0.301665584730719,0.0316097354407765
8.4125,-0.00239200405758147,-0.301597229353647,0.0321433835837886
8.425,-0.00242406583107344,-0.301545726577008,0.0326608048225772
8.4375,-0.00245346991230781,-0.301513699167826,0.0331665407463588
8.45,-0.00248038953291981,-0.301502461445841,0.0336624779658188
8.4625,-0.00250495006506655,-0.301511578223536,0.0341477603677829
8.475,-0.00252675781795358,-0.30153878927982,0.034619379887723
8.4875,-0.0025445818670052,-0.301580333805002,0.035073203301124
8.5,-0.00255589840849618,-0.301631909442004,0.0355050994141318
8.5125,-0.00255696894233852,-0.301689379876379,0.0359119290595614
8.525,-0.0025433617570401,-0.301749609162089,0.0362919561268718
8.5375,-0.00251083837982824,-0.301811175987219,0.0366448568901992
8.55,-0.00245649526139715,-0.301874118706251,0.0369709665442759
8.5625,-0.0023798533287857,-0.301939547795416,0.0372705237576118
8.575,-0.00228328600849688,-0.302008905736686,0.0375429349288336
8.5875,-0.0021720104119651,-0.302083100339591,0.0377865053379082
8.6,-0.00205334018641957,-0.302161802919038,0.0379987348278724
8.6125,-0.00193526469087656,-0.302243091775894,0.0381770683309361
8.625,-0.0018250959834462,-0.30232360444984,0.0383200302440947
8.6375,-0.0017277115319853,-0.302399279699837,0.0384282727301527
8.65,-0.00164474421736518,-0.302466123740661,0.0385050978932807
8.6625,-0.0015741061607033,-0.302521355131005,0.0385564039487075
8.675,-0.00151043644960189,-0.302564001117395,0.0385900132238207
8.6875,-0.00144611758079872,-0.302595217614329,0.038614277528525
8.7,-0.00137261183289512,-0.302618203438942,0.0386365684720494
8.7125,-0.00128206035801889,-0.302637205368672,0.0386617267849464
8.725,-0.00116840638504779,-0.302656596161027,0.0386912939008027
8.7375,-0.00102816907297168,-0.302679890479908,0.0387233821916024
8.75,-0.000860700694251057,-0.302708808317392,0.038753306426527
8.7625,-0.000667979800294763,-0.302743101359391,0.0387747438904242
8.775,-0.000453876841406046,-0.302780718196551,0.0387813109443491
8.7875,-0.000223151794452188,-0.302818573050499,0.038767987252743
8.8,1.94589158699455e-05,-0.302853431823549,0.038731949471822
8.8125,0.000270088445422902,-0.302882558499995,0.0386729155782481
8.825,0.000526138018671382,-0.302904406485268,0.0385929337701041
8.8375,0.000786789518946333,-0.302918918714892,0.0384957631340334
8.85,0.00105231795015159,-0.302927068764953,0.0383858907326105
8.8625,0.00132388974829404,-0.302930500316968,0.0382676463594305
8.875,0.00160278313226637,-0.302930989822223,0.0381445263169816
8.8875,0.0018897165394064,-0.302929829895136,0.0380188506234489
8.9,0.00218445617972219,-0.302927653235122,0.0378916047514623
8.9125,0.00248570090240178,-0.302924466464974,0.0377626717860506
8.925,0.00279152914630441,-0.302920002670679,0.0376313162427196
8.9375,0.00309998784340953,-0.302914142805746,0.037496691347149
8.95,0.00341014963336354,-0.302907487659562,0.0373582973312038
8.9625,0.00372283474450182,-0.302901549974577,0.0372163558939203
8.975,0.00404113418344638,-0.302898712624199,0.0370720082843182
8.9875,0.00437017612542328,-0.302901805260129,0.0369272217666832
9,0.00471655443449404,-0.302913673261178,0.0367847380110186
9.0125,0.00508672087103592,-0.302936454381621,0.0366473485119682
9.025,0.00548563350932403,-0.302971110869819,0.0365177426092025
9.0375,0.0059152574506022,-0.303017037314643,0.0363978041733457
9.05,0.00637395357105086,-0.303072103120392,0.036288281968736
9.0625,0.00685627060011652,-0.303132775478788,0.0361884928078012
9.075,0.0073540316582701,-0.303194822783385,0.0360966063551082
9.0875,0.00785782849292275,-0.303253866693226,0.0360099328308837
9.1,0.00835882224605573,-0.303305986906237,0.035925436654326
9.1125,0.00885037354865086,-0.303348231730445,0.0358403455864092
9.125,0.00932903674581332,-0.303378853739971,0.0357526233321969
9.1375,0.00979474777734169,-0.303397396990321,0.035661317402581
9.15,0.0102502043252258,-0.303404526350524,0.0355666473003372
9.1625,0.0106996142046113,-0.303401748327283,0.0354698416187735
9.175,0.0111472715978421,-0.303391064481229,0.035372814419854
9.1875,0.0115962867039509,-0.303374621275727,0.0352777200486973
9.2,0.0120477795328797,-0.303354396298068,0.0351865229498672
9.2125,0.0125006375460853,-0.303331962905137,0.0351006562970677
9.225,0.0129518022679322,-0.303308341428123,0.0350208490209188
9.2375,0.0133969008361597,-0.303283944724465,0.0349471182071496
9.25,0.0138309967875633,-0.303258630278291,0.0348789193116444
9.2625,0.0142492916049343,-0.303231800066256,0.0348153848284846
9.275,0.0146476080816648,-0.303202624433331,0.034755585928894
9.2875,0.0150227425909495,-0.303170279931296,0.0346987833866003
9.3,0.0153726404028956,-0.303134208406925,0.0346445881639682
9.3125,0.0156964557848544,-0.303094302969505,0.0345930282231038
9.325,0.0159945735476243,-0.303051040621019,0.0345445425581968
9.3375,0.016268502569979,-0.303005489410245,0.0344998789004109
9.35,0.0165206690984931,-0.302959221485783,0.0344599706760046
9.3625,0.0167540411657536,-0.302914143258533,0.034425758830377
9.375,0.0169716056690841,-0.302872305416705,0.0343980740971121
9.3875,0.0171757987989029,-0.302835690049806,0.0343775131548069
9.4,0.0173680452187683,-0.302806037259156,0.034364374452881
9.4125,0.0175484246236581,-0.302784680409762,0.0343585956809339
9.425,0.017715843676053,-0.302772473013658,0.0343597854640377
9.4375,0.0178681371838096,-0.302769640920728,0.0343672200551855
9.45,0.018002642545787,-0.302775780070505,0.0343798669055083
9.4625,0.0181169330879659,-0.302789872343045,0.0343965128259503
9.475,0.0182092148089975,-0.302810446382044,0.0344158132319827
9.4875,0.0182787269739316,-0.302835786652138,0.034436403060795
9.5,0.0183257987819681,-0.302864214352296,0.0344570374853394
9.5125,0.0183517175310573,-0.302894473076015,0.0344767644523129
9.525,0.0183584611178372,-0.302926002402247,0.0344950262575141
9.5375,0.01834843017985,-0.302959160964937,0.0345117758267549
9.55,0.0183241870094303,-0.302995283916052,0.0345275729731604
9.5625,0.01828832673653,-0.303036462892108,0.0345434818838763
9.575,0.0182434216198427,-0.303085154117171,0.034560956768614
9.5875,0.0181919688598644,-0.303143672717592,0.0345815816340518
9.6,0.0181364121015745,-0.303213630033417,0.0346067347467803
9.6125,0.0180789931692418,-0.303295483350816,0.0346372275330096
9.625,0.018021702425894,-0.303388224613665,0.0346730628039631
9.6375,0.0179662105987929,-0.303489445519967,0.0347132583238256
9.65,0.0179138025941878,-0.303595589572528,0.034755914492952
9.6625,0.0178654577302089,-0.303702425694296,0.0347984231065033
9.675,0.0178219459053594,-0.303805667950935,0.034837918515275
9.6875,0.0177840678174955,-0.30390162202833,0.0348717786094442
9.7,0.0177528167803225,-0.303987661187378,0.0348980939198872
9.7125,0.0177293930222091,-0.304062479715358,0.0349159830792019
9.725,0.017715356715868,-0.304126208993338,0.0349257975139075
9.7375,0.0177124506289066,-0.30418020880778,0.0349289839128324
9.75,0.0177223688750937,-0.304226714049284,0.0349277464322289
9.7625,0.0177465338847082,-0.304268352769507,0.034924573854215
9.775,0.0177858827203022,-0.304307655168645,0.0349217301502716
9.7875,0.0178407509705769,-0.304346640890737,0.0349208477848268
9.8,0.0179108651667566,-0.304386515477609,0.0349226806335093
9.8125,0.0179953910017319,-0.304427566874131,0.0349270926834866
9.825,0.0180930996238655,-0.304469227431532,0.0349332659034716
9.8375,0.0182025301654915,-0.304510282915775,0.0349400497489446
9.85,0.0183221687187642,-0.304549190034597,0.0349463879696022
9.8625,0.0184505708990337,-0.304584447461949,0.034951719902466
9.875,0.0185864347159316,-0.304614924946035,0.0349562443709659
9.8875,0.0187286214902504,-0.304640094105526,0.0349610166038638
9.9,0.0188760898462935,-0.304660130430679,0.0349678542940551
9.9125,0.0190278253687463,-0.304675898320689,0.0349790831158438
9.925,0.0191827437825144,-0.3046887755986,0.0349971618659953
9.9375,0.0193395723951801,-0.304700356161506,0.0350242759622428
9.95,0.0194969030425262,-0.304712165800277,0.0350619858188564
9.9625,0.019653079729354,-0.304725195658401,0.0351107388383732
9.975,0.0198063579255741,-0.304740001674032,0.0351703584847299
9.9875,0.0199548565645025,-0.304756396994608,0.0352397242553722
10,0.0200967069752555,-0.304773476569524,0.0353170949930581
10.0125,0.0202300281347607,-0.304789671286196,0.0354002383001315
10.025,0.0203529244258224,-0.304802884468249,0.0354865888227659
10.0375,0.0204635035003789,-0.304810800177094,0.0355733490196658
10.05,0.0205599678617578,-0.304811165150002,0.0356575932231405
10.0625,0.0206407969712744,-0.304802200914385,0.035736386759329
10.075,0.0207050703035881,-0.304783137221508,0.0358072905263421
10.0875,0.0207526459921006,-0.304754517752174,0.0358686635906933
10.1,0.0207843676737429,-0.304718242534347,0.0359201387427057
10.1125,0.0208021258471625,-0.304677520959471,0.0359628601770036
10.125,0.0208085143473193,-0.304636143505108,0.0359992131787562
10.1375,0.0208064085978569,-0.304597542671085,0.0360321305312904
10.15,0.0207980536061177,-0.304563560827421,0.0360637923381171
10.1625,0.0207844496464804,-0.304533523914216,0.0360941782687089
10.175,0.0207647510269107,-0.304503690210306,0.0361198966512367
10.1875,0.0207361456300561,-0.304467247744006,0.0361335636329839
10.2,0.020694251931172,-0.304415368960571,0.0361241939230287
10.2125,0.0206343292485846,-0.304339061625463,0.0360789699484286
10.225,0.0205524808237435,-0.304231174087326,0.0359857919319735
10.2375,0.0204469597797831,-0.304088316171454,0.0358360785748546
10.25,0.0203192094221606,-0.303912225462311,0.0356273781327695
10.2625,0.0201742902865745,-0.30370997060645,0.0353645692661617
10.275,0.0200202413210047,-0.303492761234446,0.0350596388011507
10.2875,0.0198669112121795,-0.303273870447681,0.0347297096678354
10.3,0.0197242355157711,-0.303066101053509,0.0343939294596593
10.3125,0.0196005135743542,-0.30287919759372,0.0340698107231136
10.325,0.019500965170967,-0.302718143336022,0.0337701480534487
10.3375,0.0194269541571712,-0.302582431639625,0.0335009989596958
10.35,0.0193761716129253,-0.30246682441736,0.0332614533225347
10.3625,0.0193433911272451,-0.302363096988134,0.0330449653929101
10.375,0.019321811638046,-0.302262284795943,0.0328416518196768
10.3875,0.0193044611859699,-0.302156753722947,0.0326412768717195
10.4,0.0192854117689354,-0.302041910766413,0.0324354911632776
10.4125,0.0192605260056012,-0.301916565594127,0.0322193117093574
10.425,0.0192276175046791,-0.301782608393833,0.0319914485148689
10.4375,0.0191861167058624,-0.301643932252271,0.0317536322719341
10.45,0.019136499277376,-0.301504921324478,0.0315092573777386
10.4625,0.0190797004579696,-0.301369325497546,0.0312620458887288
10.475,0.0190166065080789,-0.301239546814743,0.0310148909054787
10.4875,0.0189478923380445,-0.301116477823541,0.0307693062724421
10.5,0.0188740082136905,-0.30099991713248,0.0305252759947915
10.5125,0.018795387939297,-0.300889350308639,0.0302816050017827
10.525,0.0187126210319309,-0.300784587469955,0.0300362792422141
10.5375,0.0186264866225078,-0.300686235002263,0.0297869452226086
10.55,0.0185379421356045,-0.300595724226919,0.0295310863065491
10.5625,0.0184478837779945,-0.300515080782348,0.0292661943482827
10.575,0.018356782260718,-0.300446323675416,0.0289898545105229
10.5875,0.0182642668695856,-0.30039085450517,0.0286997871971533
10.6,0.0181691424656993,-0.300349112869209,0.0283939070580521
10.6125,0.0180695208560882,-0.300320428911432,0.0280704422956736
10.625,0.0179631010722348,-0.300303203047218,0.0277280960400805
10.6375,0.0178477157058528,-0.300294993896349,0.02736556658981
10.65,0.0177221041411569,-0.300293399537017,0.0269819966807523
10.6625,0.0175863158725263,-0.300296308341466,0.0265764249392207
10.675,0.0174420372025032,-0.300302246750977,0.0261477127860817
10.6875,0.0172925037696826,-0.300310570012382,0.0256946338254309
10.7,0.0171421452325779,-0.3003214121228,0.0252160080973623
10.7125,0.0169958062941045,-0.300335756275106,0.024711300469879
10.725,0.0168578668402545,-0.300355223924532,0.0241810515790185
10.7375,0.0167314467180555,-0.300381752130375,0.0236271656436418
10.75,0.0166179017679369,-0.30041732227562,0.0230530985780333
10.7625,0.0165167190288723,-0.300463924777336,0.0224636229660266
10.775,0.0164255709969778,-0.300523102217903,0.02186405644588
10.7875,0.0163411727860634,-0.300595960335093,0.0212594806462243
10.8,0.0162599717057248,-0.30068270863746,0.0206537470291873
10.8125,0.0161791934692534,-0.300782605487725,0.0200485882859383
10.825,0.0160970919190559,-0.300893626342488,0.0194433091492368
10.8375,0.0160134111241297,-0.301012347660812,0.0188346502668863
10.85,0.0159291259160977,-0.301134244069539,0.0182175313243922
10.8625,0.0158460808305099,-0.301253810714521,0.0175859304699513
10.875,0.0157661907019994,-0.301365174254344,0.0169340350853853
10.8875,0.0156910154596577,-0.301462909214702,0.016257410316493
10.9,0.0156214722395742,-0.301542957245948,0.0155539562643052
10.9125,0.0155573592580962,-0.301603340289131,0.0148242498883579
10.925,0.0154976756974265,-0.30164464879289,0.0140714390736891
10.9375,0.0154409158879443,-0.301670128999972,0.0133006287739951
10.95,0.0153852444006907,-0.301685199640383,0.0125179208054948
10.9625,0.0153289478023261,-0.301696630353625,0.0117293008572972
10.975,0.0152705216428335,-0.301711408978974,0.0109396555779522
10.9875,0.015208876701339,-0.301735452284747,0.0101519362807365
11,0.0151432635101686,-0.301772524368051,0.00936693561348031
11.0125,0.0150732970142546,-0.301823507031547,0.00858312345014177
11.025,0.0149989971662776,-0.301886397179521,0.007796998568989
11.0375,0.0149207127562595,-0.30195668058402,0.00700363656022917
11.05,0.0148390937065884,-0.302028094301544,0.00619700843276744
11.0625,0.0147550958169198,-0.302093942698006,0.00537082613341045
11.075,0.0146697312089797,-0.302148318572487,0.00451891363974419
11.0875,0.0145839564950817,-0.302186954202744,0.00363583097050806
11.1,0.0144986337028185,-0.302208093410139,0.00271758724896841
11.1125,0.0144143770419297,-0.302212759108758,0.00176231695630178
11.125,0.0143314630787586,-0.302204699055095,0.000770892281860621
11.1375,0.0142500520766732,-0.302189783317039,-0.000252830268935749
11.15,0.0141702455769288,-0.302175214769427,-0.00130207711503492
11.1625,0.014092329845898,-0.302168524589624,-0.00236793376392908
11.175,0.014016634782288,-0.302176296322395,-0.00344052360463363
11.1875,0.0139435321156421,-0.302203215055417,-0.00451065218026362
11.2,0.0138734138402963,-0.302251185662465,-0.00557151826434664
11.2125,0.0138062916392445,-0.302319188987213,-0.00661996083564572
11.225,0.0137419863205761,-0.30240335146347,-0.00765713461472503
11.2375,0.0136800143734401,-0.302497802612565,-0.00868814456786765
11.25,0.013619847611533,-0.302596054113445,-0.00972062693622844
11.2625,0.0135611625948564,-0.302692418882022,-0.0107627036270283
11.275,0.0135040816213027,-0.30278334668887,-0.0118206841492949
11.2875,0.0134495836811464,-0.302868444307498,-0.0128971033462752
11.3,0.0133991243784917,-0.302950313948303,-0.0139897641201322
11.3125,0.0133545649995819,-0.303033768642344,-0.0150921939788093
11.325,0.0133175218267626,-0.303124307306994,-0.016195229709729
11.3375,0.0132889650917123,-0.303226268942775,-0.017289633777322
11.35,0.0132688439864807,-0.303341268112273,-0.0183688548271117
11.3625,0.0132559766979453,-0.303467589324036,-0.0194311628984046
11.375,0.013248442786586,-0.303600265866799,-0.0204809125646905
11.3875,0.0132439611157203,-0.303732532939161,-0.0215278615693651
11.4,0.0132406916076688,-0.303857904724636,-0.0225853918936671
11.4125,0.0132377021379539,-0.303972393869652,-0.0236677673131934
11.425,0.0132353007073863,-0.304075641722471,-0.0247874092197652
11.4375,0.013234888794215,-0.304171639446022,-0.0259525951932444
11.45,0.0132385761523384,-0.304267660497191,-0.0271667184739185
11.4625,0.0132485008725918,-0.304372367901884,-0.0284290361430092
11.475,0.0132660493173863,-0.3044931416727,-0.0297364546609123
11.4875,0.0132913790722393,-0.304633865398588,-0.0310861853701567
11.5,0.0133232143578837,-0.304793507163422,-0.0324779864722592
11.5125,0.0133592876423687,-0.304966083736765,-0.0339157904799092
11.525,0.0133966729986165,-0.305142035884691,-0.0354075623067983
11.5375,0.0134326584161659,-0.305310539548311,-0.0369639868047144
11.55,0.0134654238159648,-0.305462450708316,-0.0385960338684947
11.5625,0.0134943162290031,-0.305592464056655,-0.0403123683810242
11.575,0.013519946402024,-0.305700623095668,-0.0421171196505272
11.5875,0.0135436261615048,-0.305792505348383,-0.044008768884406
11.6,0.0135669983467222,-0.305877816215169,-0.0459806551563805
11.6125,0.0135912880105571,-0.305968288981806,-0.0480228112381597
11.625,0.0136169423840561,-0.306075020742108,-0.0501241158909563
11.6375,0.013643595175069,-0.306206275425901,-0.0522746239186886
11.65,0.013669979683378,-0.306365805074753,-0.0544671884363263
11.6625,0.0136943684425751,-0.306552487038932,-0.05669808406509
11.675,0.0137146956097623,-0.306760723800921,-0.0589660269435506
11.6875,0.0137289311050753,-0.306981953881949,-0.0612705910175696
11.7,0.0137352128095247,-0.307206688281117,-0.0636103654996172
11.7125,0.0137317506081536,-0.307426601203637,-0.0659812249936509
11.725,0.0137168340512371,-0.307635660722589,-0.06837545445379
11.7375,0.013688915833328,-0.307831535803695,-0.0707818420128282
11.75,0.0136468722029258,-0.308015607452939,-0.0731868360315847
11.7625,0.0135902603726954,-0.308192322355007,-0.0755760053635773
11.775,0.0135198385535539,-0.308367846533937,-0.077935412198068
11.7875,0.0134376916874263,-0.308548501440777,-0.0802528655957584
11.8,0.0133471992772689,-0.30873911202478,-0.0825184764598704
11.8125,0.0132523862423853,-0.308942092985789,-0.0847246604286873
11.825,0.0131572869612584,-0.309156975268329,-0.0868658228307606
11.8375,0.0130649048797622,-0.309381021643676,-0.0889377694191195
11.85,0.0129764937760655,-0.309610228502178,-0.0909372968694415
11.8625,0.0128912544727677,-0.309840770399576,-0.0928621400888034
11.875,0.0128067446637422,-0.310070101685637,-0.0947109800184494
11.8875,0.0127196120932436,-0.31029773951593,-0.0964834503463487
11.9,0.0126270829578937,-0.310524963606686,-0.0981800482544877
11.9125,0.0125278781608975,-0.310753833376556,-0.0998018962253975
11.925,0.0124230519857686,-0.310985497210463,-0.101350134012136
11.9375,0.0123159880249114,-0.311219135307377,-0.102825410315125
11.95,0.0122116546304361,-0.311450844783627,-0.104227707351783
11.9625,0.0121154021479943,-0.31167405321247,-0.105556297616484
11.975,0.0120315073665744,-0.311880508065539,-0.10681056355504
11.9875,0.0119620024397709,-0.312062152536567,-0.107990635309656
12,0.0119061787603793,-0.312213083329356,-0.109098578457637
12.0125,0.0118610237819523,-0.312330973526446,-0.110139311256036
12.025,0.0118219285222702,-0.312417439345951,-0.111120789615404
12.0375,0.0117841721250119,-0.31247753636874,-0.11205370073561
12.05,0.0117442907002475,-0.312517880132776,-0.112950703586427
12.0625,0.011700957599349,-0.312544665387672,-0.113825053100217
12.075,0.0116553319546755,-0.312561969546933,-0.114689336013438
12.0875,0.0116104791077958,-0.312570775010191,-0.115554128642731
12.1,0.0115706266032612,-0.312569159717064,-0.116427482496344
12.1125,0.0115395993747882,-0.312553664376446,-0.117314674612062
12.125,0.0115197483591263,-0.312521115664659,-0.118218313815392
12.1375,0.0115112759528694,-0.312470207945247,-0.119139116102397
12.15,0.0115117928679366,-0.31240262045542,-0.120076596752789
12.1625,0.0115166385228598,-0.312323172027095,-0.121030211608925
12.175,0.0115198680263412,-0.312238474436926,-0.121999962834177
12.1875,0.0115154571031338,-0.312155341407356,-0.122986968189135
12.2,0.011498160306225,-0.312079170211324,-0.123993734012675
12.2125,0.0114645568665661,-0.312012277554552,-0.125023859949784
12.225,0.0114131645798443,-0.311954144939893,-0.126081700263373
12.2375,0.0113443889700045,-0.311901838836719,-0.127171336237592
12.25,0.0112599414659317,-0.311851430307031,-0.128295650189412
12.2625,0.011161786826071,-0.311799985020557,-0.129455718818009
12.275,0.0110512538965468,-0.31174685351966,-0.1306499239639
12.2875,0.010928374646528,-0.311694627957049,-0.131874344099094
12.3,0.0107917328711825,-0.311648556081038,-0.133122977816487
12.3125,0.0106387913162786,-0.311615505773023,-0.134388795974268
12.325,0.0104665660806814,-0.31160214616939,-0.135664773374502
12.3375,0.010272416749309,-0.311613614748081,-0.136945148718617
12.35,0.0100552695945686,-0.31165166490222,-0.138225831009949
12.3625,0.00981590810449566,-0.311714563323748,-0.139504707417894
12.375,0.00955711934269844,-0.311797496720907,-0.14078112580132
12.3875,0.00928281199204184,-0.311893838657579,-0.142054724709375
12.4,0.008997533717092,-0.311996301661307,-0.143324338923556
12.4125,0.00870532324227335,-0.312098740991171,-0.144587351949641
12.425,0.00840925333477464,-0.312197287996859,-0.145839065909789
12.4375,0.00811122929365133,-0.312290755148902,-0.147072850492982
12.45,0.00781248063300017,-0.312380064269931,-0.148280568022495
12.4625,0.00751410711739597,-0.312467873758505,-0.149453620456205
12.475,0.00721783324732591,-0.312557283827104,-0.150584292099328
12.4875,0.00692594330863877,-0.312650819015892,-0.151666462727472
12.5,0.00664145791028805,-0.312749929100411,-0.152696909417139
12.5125,0.0063673186824599,-0.312854633918171,-0.153675449590442
12.525,0.00610558507807887,-0.312963685518823,-0.154604848320684
12.5375,0.00585654663265526,-0.313075085255712,-0.155490432781329
12.55,0.00561844372553499,-0.313186926960867,-0.156338972661553
12.5625,0.00538777978324874,-0.313297719624747,-0.157157634672346
12.575,0.00516006808709321,-0.313406974231666,-0.157952654885692
12.5875,0.00493092860758735,-0.313515151978878,-0.158728323634062
12.6,0.00469759536853884,-0.313622840871174,-0.159486577418924
12.6125,0.00445954197533375,-0.313730712415747,-0.160226919569496
12.625,0.0042185688851222,-0.313838541702133,-0.160946727427006
12.6375,0.00397816313845535,-0.31394503478746,-0.161642327375801
12.65,0.0037427725718898,-0.314047626694376,-0.162310009954739
12.6625,0.00351612151805688,-0.31414288437102,-0.162947072726687
12.675,0.00330016503972903,-0.314226918023631,-0.163552258906712
12.6875,0.00309446941957912,-0.314296095205065,-0.164126292732848
12.7,0.0028962975654012,-0.314347689137604,-0.16467170690354
12.7125,0.00270110693633642,-0.314380311800116,-0.165192850029515
12.725,0.00250350240909359,-0.314394140336071,-0.165695377283588
12.7375,0.00229821359917262,-0.314390678302172,-0.16618559023959
12.75,0.0020807863923518,-0.3143725671899,-0.166670339862862
12.7625,0.0018476467360094,-0.314343428917497,-0.167156334115796
12.775,0.00159644651336921,-0.314307381566075,-0.167649855369584
12.7875,0.00132570280627462,-0.314268839520457,-0.168155818931738
12.8,0.00103438291439114,-0.31423230649937,-0.168677192848424
12.8125,0.000722396787522255,-0.314201814641528,-0.169215097219597
12.825,0.000389908922373493,-0.314180417529924,-0.169768463316757
12.8375,3.79119541562333e-05,-0.314170076761923,-0.170335317462119
12.85,-0.000331815754156934,-0.314171046411328,-0.170913473714575
12.8625,-0.000716863956324834,-0.314181967575583,-0.171501806368092
12.875,-0.00111466664884342,-0.314200376574679,-0.172101055393724
12.8875,-0.00152286287733174,-0.314222806181996,-0.172713869386194
12.9,-0.00194018669633945,-0.314246113190464,-0.173344254260325
12.9125,-0.00236681878475149,-0.314268210461268,-0.173996493600131
12.925,-0.00280450879576677,-0.314288515622123,-0.174673270077876
12.9375,-0.00325636470595115,-0.314308232170034,-0.175374680219946
12.95,-0.00372596477924003,-0.314329743240421,-0.176097628674283
12.9625,-0.00421676930387183,-0.314356434913646,-0.176836347273948
12.975,-0.00473093689536086,-0.314391416993618,-0.177583609608408
12.9875,-0.00526889155852734,-0.314436882588354,-0.178332396955613
13,-0.00582893141281398,-0.314493965956504,-0.179077793800763
13.0125,-0.00640780032508144,-0.314563213129372,-0.179818219216587
13.025,-0.00700108292421411,-0.314644917970752,-0.180555222976519
13.0375,-0.0076047182557915,-0.314739694065772,-0.181292738378919
13.05,-0.00821514257209429,-0.314849065082876,-0.182035678744012
13.0625,-0.00883006797413584,-0.314975357986169,-0.18278798141078
13.075,-0.00944810082790247,-0.315120614697863,-0.183551601965076
13.0875,-0.0100682367389408,-0.315285746634345,-0.184325927575089
13.1,-0.0106890273030549,-0.315469768141761,-0.185108020952167
13.1125,-0.0113075286886128,-0.31566905769088,-0.185893022952065
13.125,-0.011919746767081,-0.315877942340004,-0.186675910261128
13.1375,-0.0125202263967242,-0.316089707222881,-0.18745168818438
13.15,-0.0131027277817387,-0.316298231887393,-0.188215902122497
13.1625,-0.0136612794721456,-0.316499173156104,-0.188964181936725
13.175,-0.0141908677466677,-0.316691148564779,-0.189691992766803
13.1875,-0.014687976269906,-0.31687568688732,-0.190394389233833
13.2,-0.0151507913125774,-0.317056557625624,-0.191065898324562
13.2125,-0.0155792363690842,-0.317238649034393,-0.191701904367824
13.225,-0.0159747248475914,-0.31742683795908,-0.192299513990183
13.2375,-0.0163397210578619,-0.317624816064757,-0.192859115504744
13.25,-0.0166777620147122,-0.317835056921562,-0.193385100463302
13.2625,-0.0169933858015677,-0.318058946478447,-0.193885444562295
13.275,-0.0172917438029218,-0.318296959953334,-0.194370401154156
13.2875,-0.0175779689659868,-0.318549141676231,-0.19485012613018
13.3,-0.017856298674656,-0.31881458265796,-0.195331393698021
13.3125,-0.0181288589596999,-0.319090822382952,-0.195815486229581
13.325,-0.018394194209282,-0.319372738497364,-0.196296701794617
13.3375,-0.0186466303762232,-0.319652203603344,-0.196763192454718
13.35,-0.0188765358371706,-0.319918244208199,-0.197199066588744
13.3625,-0.0190721499314406,-0.320158414613664,-0.197588139273399
13.375,-0.0192218715738312,-0.320361161954397,-0.197917922152096
13.3875,-0.0193175762183797,-0.320518371165736,-0.198183347230086
13.4,-0.0193574449654911,-0.32062775102944,-0.198388546776823
13.4125,-0.0193477969512184,-0.32069384940186,-0.198546278320891
13.425,-0.0193029176101539,-0.320727366688511,-0.198675614398026
13.4375,-0.0192429395948915,-0.320743521911919,-0.198798060627558
13.45,-0.0191899070012146,-0.32075879401237,-0.198933252923423
13.4625,-0.0191636976471801,-0.32078781775494,-0.199094910464536
13.475,-0.0191782494966674,-0.320840864284016,-0.199288555362304
13.4875,-0.0192386584171034,-0.320922637854515,-0.199511710145746
13.5,-0.0193413356638312,-0.321032491729028,-0.199755375239733
13.5125,-0.0194752909865663,-0.321166007300627,-0.200007376843343
13.525,-0.0196252528921269,-0.321316843097725,-0.200255547685944
13.5375,-0.0197753304498428,-0.321478863333161,-0.200490842117888
13.55,-0.0199121477247617,-0.321647500061693,-0.200708929028385
13.5625,-0.0200269417568022,-0.321820024348648,-0.200910402698433
13.575,-0.020116267064561,-0.321995363765419,-0.201099375969964
13.5875,-0.0201811663628605,-0.322173448621445,-0.201281872025594
13.6,-0.0202257365711083,-0.322354508994657,-0.201463479370715
13.6125,-0.0202555157612138,-0.322538785121358,-0.2016475242174
13.625,-0.0202755759116061,-0.322726173295433,-0.20183436468564
13.6375,-0.0202899954290326,-0.322916905853585,-0.202021492939748
13.65,-0.0203012862533944,-0.323111789241432,-0.202204524002262
13.6625,-0.0203105528258165,-0.323312192022645,-0.202378278497951
13.675,-0.0203177590276897,-0.323520097919214,-0.202538286151805
13.6875,-0.0203219692800811,-0.323737496462071,-0.20268202396835
13.7,-0.0203214633909836,-0.323966100743588,-0.202809502762937
13.7125,-0.0203144942546633,-0.32420665879306,-0.202923138400368
13.725,-0.0202991809468533,-0.324458759751581,-0.203027497680541
13.7375,-0.0202738784302975,-0.324721060506806,-0.20312847678408
13.75,-0.0202377304608958,-0.324991480499655,-0.203232688798755
13.7625,-0.0201910499145921,-0.325267640090852,-0.203346166534866
13.775,-0.02013559878474,-0.325547295662526,-0.203473736786191
13.7875,-0.0200736718224314,-0.325828201534015,-0.203617797887015
13.8,-0.0200082852862258,-0.326108435408706,-0.203778903886107
13.8125,-0.0199420256956745,-0.326386139114074,-0.203955414891734
13.825,-0.0198762111988093,-0.326659298238751,-0.204143953438571
13.8375,-0.0198105462927474,-0.326925703731305,-0.204340287924984
13.85,-0.0197432483271483,-0.327183245729445,-0.204540259885981
13.8625,-0.0196716897133764,-0.327430111362158,-0.20474079120767
13.875,-0.019593394891724,-0.327664989347315,-0.204940182735201
13.8875,-0.0195069680251562,-0.327887399306851,-0.205138625058507
13.9,-0.019412860490471,-0.328097618308996,-0.205337789986679
13.9125,-0.0193136927274473,-0.328296574540948,-0.205540314474349
13.925,-0.0192139062549283,-0.328485525435989,-0.205749044509161
13.9375,-0.0191189421197977,-0.32866578809911,-0.205966322058713
13.95,-0.0190342179912631,-0.328838412501336,-0.206193472164828
13.9625,-0.018964001812031,-0.329004047931679,-0.206430494231184
13.975,-0.0189106799052636,-0.329162838614813,-0.206676039110832
13.9875,-0.0188744370699639,-0.329314522777143,-0.206927545788053
14,-0.018853468495285,-0.32945860358245,-0.207181653192043
14.0125,-0.0188444811759921,-0.329594588088678,-0.207434673828894
14.025,-0.0188435080919597,-0.32972223638586,-0.20768296762583
14.0375,-0.0188466439005383,-0.329841725080819,-0.207923266360617
14.05,-0.0188505652424203,-0.32995369502603,-0.208152774718643
14.0625,-0.018852813075803,-0.33005916978064,-0.208369106676227
14.075,-0.0188517063472225,-0.330159397381516,-0.20857002867045
14.0875,-0.0188460504651466,-0.330255583642584,-0.208753182935224
14.1,-0.0188347410788155,-0.330348623886834,-0.208915933751188
14.1125,-0.0188164192512407,-0.330438918994861,-0.209054893257525
14.125,-0.0187891510815126,-0.330526048297073,-0.209166069288839
14.1375,-0.0187505190207284,-0.330608874573567,-0.209245269380126
14.15,-0.0186976882379604,-0.330685535668929,-0.209288520248742
14.1625,-0.018627551196646,-0.330753552946822,-0.209292715857176
14.175,-0.0185370673716163,-0.330810037689924,-0.209256481273387
14.1875,-0.0184236818921167,-0.330851828992495,-0.209180677229352
14.2,-0.018285428130712,-0.330875764487122,-0.209068686815414
14.2125,-0.0181213598280755,-0.330879044459356,-0.208926147415735
14.225,-0.0179314605371479,-0.330859352540552,-0.208760421566116
14.2375,-0.0177170074245674,-0.330815098840357,-0.208579916249143
14.25,-0.0174801891157632,-0.330745935704879,-0.208393234644523
14.2625,-0.0172238472637476,-0.330652653759804,-0.208208445850612
14.275,-0.016950984954083,-0.33053720518652,-0.208032698636717
14.2875,-0.0166639787082544,-0.330402098573577,-0.207871775917823
14.3,-0.0163643716497842,-0.330250545249291,-0.207731787941162
14.3125,-0.0160524232690658,-0.330085350295003,-0.207619377630224
14.325,-0.0157273766094173,-0.329908309733803,-0.207542395799376
14.3375,-0.0153877083835168,-0.329719772683862,-0.207510178563277
14.35,-0.0150318542277803,-0.329518276313538,-0.207532950453004
14.3625,-0.0146590551517733,-0.329300853616007,-0.207620605088076
14.375,-0.0142701713764698,-0.329063185279091,-0.207781208508228
14.3875,-0.0138686158236873,-0.328801007768316,-0.208019512562925
14.4,-0.0134600908239251,-0.328510840128847,-0.208336560313682
14.4125,-0.0130523383527699,-0.32819190903735,-0.208729805070953
14.425,-0.0126541950328005,-0.327846532424336,-0.209194511688593
14.4375,-0.0122742244265676,-0.327480895570575,-0.209725209019363
14.45,-0.0119191518597881,-0.327104198258648,-0.210316949186291
14.4625,-0.0115924158825954,-0.326727536998501,-0.210966004730038
14.475,-0.0112931981508886,-0.326361642956337,-0.211668565208967
14.4875,-0.0110159499934985,-0.326014471467251,-0.21241839545788
14.5,-0.0107508826354331,-0.325689028370897,-0.213202846402762
14.5125,-0.0104851433947426,-0.32538256867423,-0.213999865760916
14.525,-0.0102046306651015,-0.325086707132346,-0.214775080242356
14.5375,-0.00989619956975999,-0.324789071015268,-0.215480866290838
14.55,-0.00954974578621398,-0.324476594466733,-0.216058432659365
14.5625,-0.0091596496564504,-0.324138556739268,-0.216441297850764
14.575,-0.00872537344708091,-0.323770338541872,-0.216561259402905
14.5875,-0.00825110328958148,-0.323374818782081,-0.21635464539535
14.6,-0.0077441157121,-0.322962906689918,-0.21576822299642
14.6125,-0.00721268089649498,-0.322551236645717,-0.21476366884703
14.625,-0.00666354038414788,-0.322159045722158,-0.213319766684418
14.6375,-0.006099773766052,-0.321804329119949,-0.211432480105327
14.65,-0.00551952544241248,-0.321500788857164,-0.209112753791743
14.6625,-0.00491597043794902,-0.321255287453319,-0.206382282847948
14.675,-0.0042786366752771,-0.32106778203435,-0.203269000652998
14.6875,-0.0035951954476789,-0.32093252696057,-0.199802054178727
14.7,-0.00285421981170939,-0.320840906972286,-0.196008233593255
14.7125,-0.00204747744907085,-0.320783683332099,-0.191909118461938
14.725,-0.00117159543141302,-0.320753802321375,-0.187521144166582
14.7375,-0.000228634981363452,-0.320747078523635,-0.182856883790126
14.75,0.000774479765360423,-0.32076226593764,-0.177928019549524
14.7625,0.00182707959909614,-0.320799889881988,-0.172749254489781
14.775,0.0029168450342578,-0.320860468761008,-0.167341996656878
14.7875,0.00403125066876096,-0.320943240346263,-0.16173611716954
14.8,0.00515897233956223,-0.321045499593285,-0.155970310703353
14.8125,0.0062906351041961,-0.321162465672917,-0.15009031491715
14.825,0.00741873279678749,-0.321287840445208,-0.144145231293839
14.8375,0.00853754609190156,-0.321414976002844,-0.138183290472008
14.85,0.00964242525282999,-0.321537575041134,-0.132248195033868
14.8625,0.0107291845180292,-0.321650219365804,-0.126376910538666
14.875,0.0117939789947701,-0.321748691377446,-0.120599528669604
14.8875,0.012832998880105,-0.321829996625254,-0.114940992071289
14.9,0.0138428577364106,-0.321892166318544,-0.109423614112601
14.9125,0.0148202324648036,-0.32193445818937,-0.104069762145302
14.925,0.0157621343855084,-0.321957501085081,-0.0989035268164412
14.9375,0.0166659301127103,-0.321963489324229,-0.0939506472687765
14.95,0.0175291568985318,-0.321955929539693,-0.0892370236424018
14.9625,0.0183497016480604,-0.321938517259206,-0.0847853392007436
14.975,0.0191254012980622,-0.321914665495455,-0.0806133493672715
14.9875,0.0198545155444853,-0.321885908171401,-0.0767317145070142
15,0.0205356826549344,-0.321850921451203,-0.0731431740085129
15.0125,0.0211683330682827,-0.321805498023199,-0.0698430371716317
15.025,0.0217529861699012,-0.321743182234776,-0.0668206422164912
15.0375,0.0222914710098096,-0.321657303493598,-0.0640609862256635
15.05,0.0227870617699569,-0.321542501834465,-0.0615457202620082
15.0625,0.0232440383039177,-0.321397564451666,-0.0592533924719738
15.075,0.0236679011969549,-0.321225840036042,-0.0571594570946753
15.0875,0.0240651979689886,-0.321036118581828,-0.0552359111575248
15.1,0.0244431852752944,-0.320840707283034,-0.0534517036151462
15.1125,0.0248092945402519,-0.320653245171121,-0.0517736004479319
15.125,0.0251707147907443,-0.320485465778799,-0.050168045884169
15.1375,0.0255341012107122,-0.320345003939659,-0.0486034948390968
15.15,0.0259049772644551,-0.32023404468838,-0.0470518325953944
15.1625,0.026287643071892,-0.320149304608855,-0.04548959633485
15.175,0.0266851280493463,-0.320083264877079,-0.0438968875381734
15.1875,0.0270996666694,-0.32002700647767,-0.0422568755362644
15.2,0.0275333372110921,-0.319972874416455,-0.0405539591829082
15.2125,0.0279887011370394,-0.319916400322535,-0.038772300925534
15.225,0.028469244359395,-0.319857538415967,-0.0368960065701689
15.2375,0.0289798301714306,-0.319800235438398,-0.0349094695383085
15.25,0.0295263509615051,-0.319751595371853,-0.0327996377750838
15.2625,0.0301147512403145,-0.319719263935187,-0.0305579173647669
15.275,0.0307499238181672,-0.319709642374389,-0.028181875357919
15.2875,0.0314342186453438,-0.319725766105857,-0.0256761339575391
15.3,0.0321664680093208,-0.319766814342962,-0.0230518792992868
15.3125,0.0329414214253999,-0.31982802756725,-0.0203256299950119
15.325,0.033749909545129,-0.319902120162779,-0.0175171673031472
15.3375,0.034580087406133,-0.319980803791032,-0.0146474770743278
15.35,0.0354188239306149,-0.320056380819582,-0.0117374650907787
15.3625,0.0362538403730152,-0.320123192530637,-0.00880688087029853
15.375,0.0370751428258254,-0.320178649372587,-0.00587468389842391
15.3875,0.0378764135330023,-0.320222981062402,-0.00295895589620119
15.4,0.0386545189469993,-0.320259111228959,-7.76346486444938e-05
15.4125,0.0394095968143124,-0.320291678631923,0.00275146325723582
15.425,0.0401438904044665,-0.320326059833558,0.00551097748597273
15.4375,0.0408600260854745,-0.320367434974213,0.00818421720202029
15.45,0.041559773207621,-0.320419921873019,0.010755861051598
15.4625,0.0422429467218285,-0.320486035413402,0.0132124819062641
15.475,0.0429071276698385,-0.320566768119528,0.0155427266945001
15.4875,0.0435480344704405,-0.320661589983358,0.0177372007638003
15.5,0.0441602705636716,-0.320768662021668,0.0197881066022343
15.5125,0.0447389282385937,-0.320885677354155,0.0216888208796868
15.525,0.0452809288776832,-0.321010459711706,0.0234337185960635
15.5375,0.04578612819054,-0.321141560255324,0.0250182588863962
15.55,0.0462577237677372,-0.321278898343791,0.0264393440714465
15.5625,0.0467017680410772,-0.321423696572639,0.0276956972488463
15.575,0.0471259534908445,-0.32157792598237,0.0287884732061241
15.5875,0.0475373893603295,-0.32174373713156,0.0297216377780171
15.6,0.0479404560559121,-0.321922040476899,0.0305019526655326
15.6125,0.0483351909320053,-0.32211171969053,0.0311384376397805
15.625,0.0487165152370814,-0.322308837141962,0.0316419793989356
15.6375,0.0490749328274699,-0.322506735292259,0.0320245473316163
15.65,0.0493984171053931,-0.322696920953874,0.0322986390490676
15.6625,0.0496755893297547,-0.322870630396048,0.0324767294314053
15.675,0.0498989812342497,-0.323020787223014,0.0325709091611357
15.6875,0.0500676900529031,-0.323143893829614,0.0325929070209816
15.7,0.0501887273387137,-0.323241173228615,0.032554088633258
15.7125,0.0502766194028855,-0.32331891739776,0.0324653276962648
15.725,0.0503511199040381,-0.323387377517017,0.0323370234687813
15.7375,0.0504336939804108,-0.32345935543832,0.0321788645668963
15.75,0.0505435167411845,-0.323547645162522,0.0319996477779079
15.7625,0.0506941647547835,-0.323662835358442,0.0318069898723304
15.775,0.0508915661810002,-0.323811552619224,0.0316071502714124
15.7875,0.0511336173011262,-0.323995522789244,0.0314052317782736
15.8,0.0514114810713011,-0.32421166103133,0.031205176636746
15.8125,0.0517123589794816,-0.32445313878525,0.0310102283738262
15.825,0.0520225131236172,-0.324711153111798,0.0308235067367444
15.8375,0.0523300680594432,-0.324976697281799,0.0306481383493031
15.85,0.0526268574778821,-0.325242042707861,0.0304875694265607
15.8625,0.0529092521982934,-0.325501806370572,0.0303451577241969
15.875,0.0531778244570849,-0.325753410893202,0.0302239285671481
15.8875,0.0534361407164926,-0.325997011353872,0.0301260303323098
15.9,0.0536891065221769,-0.326234601480779,0.0300522480444386
15.9125,0.0539416143006725,-0.32646938908187,0.0300019930016959
15.925,0.054197417206423,-0.326704856849644,0.0299731730169176
15.9375,0.0544584833690916,-0.326943995246482,0.0299626575670651
15.95,0.0547248233791522,-0.327188659959995,0.0299668966953208
15.9625,0.0549946789671913,-0.32743922119408,0.0299824843172888
15.975,0.0552650183923277,-0.327694779756902,0.0300066754953884
15.9875,0.0555321143306865,-0.32795340230851,0.0300374643186152
16,0.0557919021114874,-0.328212398452348,0.030073820554771
16.0125,0.0560406423456331,-0.328469321082481,0.0301152382852317
16.025,0.0562752938017519,-0.328722239495406,0.030161461481949
16.0375,0.0564937996960565,-0.328970293689315,0.030212220883821
16.05,0.0566950106897536,-0.329213571903261,0.0302670972578918
16.0625,0.0568790682064565,-0.329453026121322,0.0303254115706681
16.075,0.0570464415328405,-0.329689773944983,0.0303863665859433
16.0875,0.0571980878260756,-0.329924549306298,0.0304491935874411
16.1,0.0573351125702629,-0.330157013092198,0.0305132181808763
16.1125,0.0574583656975337,-0.330385218811224,0.0305776870172297
16.125,0.0575682152070345,-0.330605483050989,0.0306417933999723
16.1375,0.0576646465673776,-0.330812702358943,0.0307045463240112
16.15,0.0577474525709144,-0.331001117088968,0.0307647182293568
16.1625,0.0578165378282789,-0.331165217509021,0.03082091146215
16.175,0.0578721228026893,-0.33130073849307,0.0308716718171024
16.1875,0.0579149290991029,-0.331405439067152,0.0309157763301738
16.2,0.057946231547244,-0.331479587811021,0.0309524578296748
16.2125,0.0579677807380954,-0.33152594684851,0.0309816119768181
16.225,0.0579816100055264,-0.331549444644118,0.0310038015761531
16.2375,0.0579898250501397,-0.331556390862051,0.0310201644952489
16.25,0.057994429034794,-0.331553593068642,0.0310321798057898
16.2625,0.0579970755620463,-0.331547384746012,0.0310413339784389
16.275,0.0579989383324236,-0.331542839342082,0.0310489405388263
16.2875,0.0580007150580918,-0.331543328879506,0.0310558497540022
16.3,0.0580025883826303,-0.331550292002201,0.0310624445169401
16.3125,0.0580043259021438,-0.33156343107553,0.0310687392407096
16.325,0.0580054652264107,-0.331581155095922,0.0310745247604998
16.3375,0.0580054849111914,-0.331601188767715,0.0310795397078741
16.35,0.0580040497255436,-0.331621170529068,0.0310835927119769
16.3625,0.0580011529010842,-0.331639162532986,0.0310866318663546
16.375,0.0579971927797898,-0.331653962105672,0.0310887261360374
16.3875,0.0579929357775561,-0.331665179383878,0.0310900089258174
16.4,0.057989374275725,-0.331673088711778,0.0310905928591091
16.4125,0.0579875096578579,-0.331678388638878,0.0310905063277618
16.425,0.0579881300897454,-0.331681888495747,0.0310896852376014
16.4375,0.0579915798236266,-0.331684249724669,0.0310879820543123
16.45,0.0579976590131774,-0.331685800157118,0.031085256364826
16.4625,0.058005632416351,-0.331686522116704,0.0310814549400932
16.475,0.0580143404136191,-0.33168614144711,0.0310766762750504
16.4875,0.0580223899906966,-0.33168426394633,0.0310711866480096
16.5,0.058028422952215,-0.331680542335569,0.0310653793976315
16.5125,0.0580313761460371,-0.331674812432537,0.0310596755024363
16.525,0.0580306377739424,-0.331667171950334,0.0310544241130895
16.5375,0.0580261138365191,-0.331657939420563,0.0310497579304837
16.55,0.0580181920056655,-0.331647603206807,0.0310455529005267
16.5625,0.0580075862548271,-0.331636721380676,0.0310414137650308
16.575,0.0579951686687889,-0.331625850457149,0.0310367830391625
16.5875,0.0579817912100647,-0.331615476060172,0.0310310614922177
16.6,0.0579681552599543,-0.331606007015835,0.03102378565067
16.6125,0.0579547896614982,-0.331597833885559,0.0310147813751734
16.625,0.0579421173846427,-0.331591347922601,0.0310042704094089
16.6375,0.057930528572788,-0.331586970045886,0.030992907923008
16.65,0.0579205060188425,-0.331585103064442,0.0309817005113996
16.6625,0.0579127066359962,-0.331586061203542,0.0309718616155821
16.675,0.0579079449072351,-0.331589981658025,0.0309646290543751
16.6875,0.0579071320243904,-0.331596722628735,0.0309610429361738
16.7,0.0579110517025509,-0.331605793093794,0.0309617471593531
16.7125,0.0579201215641637,-0.331616348369426,0.0309668690498897
16.725,0.05793418656835,-0.331627265531233,0.0309759775626614
16.7375,0.0579523571112188,-0.331637253622967,0.0309881438224005
16.75,0.0579729727123373,-0.331645062922628,0.0310020661373641
16.7625,0.0579937865013733,-0.331649664635679,0.0310162700320489
16.775,0.0580122655564639,-0.331650440039348,0.0310293304776591
16.7875,0.0580260096922668,-0.331647335269494,0.0310400957441913
16.8,0.0580331743352749,-0.331640866139526,0.031047825952105
16.8125,0.0580328459288191,-0.331632055360413,0.0310522999774351
16.825,0.0580252303928488,-0.331622314228728,0.031053801612739
16.8375,0.0580116442618114,-0.3316132175506,0.0310530478966793
16.85,0.0579942694519146,-0.331606245035451,0.0310510413976632
16.8625,0.0579757901071234,-0.331602544636613,0.0310488683163192
16.875,0.0579588563947067,-0.331602721317514,0.0310475134539271
16.8875,0.0579456207222355,-0.331606717597949,0.0310476686161615
16.9,0.0579373908006466,-0.331613810313404,0.0310496304693559
16.9125,0.0579344872381059,-0.331622710214757,0.0310532270063098
16.925,0.0579363219504864,-0.331631815005683,0.0310578737337144
16.9375,0.0579416113535618,-0.331639509015161,0.031062666136939
16.95,0.0579487891384683,-0.331644485448177,0.031066562829825
16.9625,0.0579563895345367,-0.331646039748406,0.031068617426732
16.975,0.0579633407114919,-0.331644214487399,0.0310681534853728
16.9875,0.0579691253979345,-0.33163980530946,0.0310649632224926
17,0.0579738260442718,-0.331634200051733,0.0310593846602945
17.0125,0.0579779414300944,-0.331629087759049,0.0310522773814317
17.025,0.0579821305477354,-0.331626072438966,0.0310448829342068
17.0375,0.0579869278367522,-0.33162629934287,0.0310386077052911
17.05,0.0579925157725936,-0.331630167885243,0.031034716824544
17.0625,0.0579986278671787,-0.331637210688061,0.0310340818381687
17.075,0.0580045726805975,-0.331646164068633,0.0310369710039364
17.0875,0.0580093853472041,-0.331655237817762,0.0310429713056601
17.1,0.0580121251887417,-0.331662490540629,0.0310510857744457
17.1125,0.0580121399899433,-0.331666270831967,0.0310599231497528
17.125,0.0580092781112521,-0.331665586541826,0.0310679982227867
17.1375,0.0580040106991776,-0.331660332203708,0.0310740941528069
17.15,0.0579973996103301,-0.331651330781614,0.031077531901434
17.1625,0.0579909029040381,-0.331640130047742,0.0310783130154802
17.175,0.0579860914705513,-0.331628680868551,0.0310771368746318
17.1875,0.0579843125408882,-0.331618896207312,0.0310752200633227
17.2,0.0579864068019154,-0.331612221338603,0.0310740256188589
17.2125,0.057992530594377,-0.331609319969655,0.031074894042831
17.225,0.0580020981859958,-0.331609967082724,0.0310787479501029
17.2375,0.0579996511912274,-0.331531959190412,0.031078278940036
17.25,0.0579928997055246,-0.331427492024232,0.0310780991909008
17.2625,0.0579918460439277,-0.331362585435327,0.0310834902840594
17.275,0.05801373860311,-0.331444113733428,0.0311031079166875
17.2875,0.0580762132428642,-0.331779656538414,0.0311454670840605
17.3,0.0581858795754194,-0.332411184260057,0.0312130164973912
17.3125,0.0583263476416757,-0.333246216401664,0.0312959576570812
17.325,0.0584520620762623,-0.334022363696918,0.0313690863032121
17.3375,0.0584939918275036,-0.334340046435687,0.0313949150826147
17.35,0.0583799581642863,-0.333779278987639,0.0313345608447491
17.3625,0.0580666044387351,-0.332082884556306,0.0311647851124652
17.375,0.0575732107397391,-0.329351033496537,0.030896020355709
17.3875,0.0570033463616683,-0.326166268690962,0.0305839068459802
17.4,0.0565403402227205,-0.323568828220371,0.0303268364331006
17.4125,0.0564085439862776,-0.322836266032139,0.0302452444988153
17.425,0.0568032412582794,-0.325083694625172,0.0304441494192854
17.4375,0.0578048377389131,-0.330773457313843,0.0309672489524252
17.45,0.0593028154031951,-0.339279990673394,0.0317562053829412
17.4625,0.0609578257835477,-0.348672011658225,0.0326302934581039
17.475,0.062223609965189,-0.355836340568616,0.0332980124632111
17.4875,0.0624350599291168,-0.356979742842257,0.0334040715006779
17.5,0.0609486907895964,-0.348430472347546,0.0326044241631772
17.5125,0.0573032316270693,-0.327555382555872,0.0306521509597934
17.525,0.0513576319859595,-0.293548646050622,0.0274713330716092
17.5375,0.0433657549670017,-0.247859090215682,0.0231970950661102
17.55,0.0339616970111038,-0.194107301337083,0.0181679185320939
